Timestamp,Team,Do you think there is something distinctive about scouse humour?,Do you have any thoughts on what makes it distinctive?,Do you think humour can help people deal with difficult experiences?,"If you answered yes or maybe, how do you think it helps?",Would you mind saying what age group you belong to?,How would you identify yourself from the following:,What is that first part of your postcode? E.g. L16
2023/07/26 2:48:34 pm cet,8,yes,sarcasm,maybe,release tension,35-44,scouser,l18 9uz
2023/07/26 2:59:04 pm cet,1,yes,it disarms the offensive to seem inoffensive and humorous,yes,it take the anxiety away by making the situation seem familiar and identifiable,35-44,scouser,l18
2023/07/26 3:22:19 pm cet,1,yes,speed of whit and retort,yes,coping mechanism and laughter help,35-44,scouser,l26
2023/07/26 3:29:31 pm cet,7,yes,wuff,yes,you can laugh at dickhead,85+,international,libya 12
2023/07/26 3:42:02 pm cet,9,yes,"it quick . unless it kev coogan , who always a few second behind the pace .",yes,laughing always take your minf of thing even just for a few second,35-44,scouser,l18
2023/07/26 4:08:53 pm cet,3,yes,sharp and quick witted,yes,lightens the mood,85+,scouser,l1 mate
2023/07/26 5:14:37 pm cet,1,yes,we are very quick witted and use humour a a way of coping a a community with some challenging time historically,yes,"i think humour and comedy is a great escape if you are dealing with either physical or mental issue . not sure of the science , however , you just ‘ feel better ’ when you laugh !",45-54,scouser,l21
2023/07/26 5:42:04 pm cet,1,yes,"underdog , underclass spirit .",yes,humour brings context to the situation . we ’ re all gon na die anyway so might a well have a laugh until then .,35-44,scouser,l25
2023/07/26 6:41:55 pm cet,1,yes,self deprecating,yes,a a distraction,35-44,scouser,l19
2023/07/26 7:33:07 pm cet,1,yes,"quick witted , direct , cutting , self deprecating",yes,can help to deal with difficult situation better and enable conversation to start by making thing seem more ligh hearted,35-44,from somewhere else in the uk,l23
2023/07/27 10:25:11 am cet,3,yes,quick witted and dry,yes,lift the spirit,25-34,scouser,l9
2023/07/27 10:28:15 am cet,3,yes,tongue and cheek,yes,form a bond,35-44,from somewhere else in the uk,l25
2023/07/27 10:29:40 am cet,11,yes,lighthearted,yes,"brings people together , take pressure off and relief anxiety",35-44,northerner,ch66
2023/07/27 10:29:41 am cet,3,yes,observational,yes,lightens a dark situation,45-54,northwesterner,l17
2023/07/27 10:32:23 am cet,7,yes,slang word,yes,address the issue in an indirect way . the “ elephant in the room ” . .,35-44,northerner,l17
2023/07/27 10:34:09 am cet,3,yes,cheeky !,yes,distracts from stress,35-44,northerner,sk7
2023/07/27 10:34:22 am cet,5,yes,the sharper banter/ risky joke,yes,by making people laugh and smile it can stop them thinking negatively,19-24,from somewhere else in the uk,td
2023/07/27 10:34:33 am cet,5,yes,regional humour,yes,it can make it le harsh when dressed up in dark humour,25-34,from somewhere else in the uk,al2
2023/07/27 10:35:04 am cet,5,yes,certain phrase that only people in liverpool will understand,yes,it take away some of the pressure and intensity and allows people to not tread on eggshell when talking to you about difficult topic,19-24,northerner,l35
2023/07/27 10:35:49 am cet,5,no,no,yes,give light to a situation,25-34,northerner,ln1
2023/07/27 10:36:02 am cet,5,yes,the outcome of a joke,yes,make people laugh,19-24,scouser,l9
2023/07/27 10:36:07 am cet,3,yes,not afraid to mae fun of ourselves but nobody else can !,yes,releasescendorphined,45-54,scouser,l9
2023/07/27 10:36:07 am cet,9,yes,the supervisor of the city,yes,.,45-54,scouser,l5
2023/07/27 10:36:39 am cet,5,yes,no,yes,laughter is always just nice,25-34,scouser,l35
2023/07/27 10:36:41 am cet,5,yes,na,yes,can add a layer of sparkle to the trauma,25-34,northerner,l35
2023/07/27 10:36:50 am cet,5,maybe,no,yes,make you feel better,19-24,from somewhere else in the uk,e17
2023/07/27 10:37:08 am cet,3,yes,rude,yes,connects people,35-44,northerner,l17
2023/07/27 10:38:09 am cet,11,no,they ’ re not a funny a they think they are,yes,alleviates the situation,19-24,from somewhere else in the uk,b65
2023/07/27 10:38:33 am cet,5,yes,liverpool ha it own culture,yes,brings light to some of the darkest situation,19-24,scouser,l36
2023/07/27 10:38:37 am cet,11,yes,helped through tough time,yes,lightens the mood,45-54,merseysider,l35
2023/07/27 10:39:09 am cet,6,yes,cheeky,yes,"lightens mood , give some perspective",35-44,from somewhere else in the uk,l12
2023/07/27 10:40:00 am cet,11,yes,people are funnier,yes,it help people get away from their thought,19-24,merseysider,ch63
2023/07/27 10:40:33 am cet,5,yes,"the strong use of accent , local dialect and use of metaphor",yes,a way to cope with different experience making light of tragedy and sad time,19-24,from somewhere else in the uk,ky15
2023/07/27 10:40:35 am cet,11,yes,it ’ s witty and thought provoking,yes,by allowing you to consider other thing and brighten the mood,prefer not to say,northerner,ch
2023/07/27 10:41:08 am cet,6,yes,the accent,yes,brings out laughter and joy in people,35-44,scouser,l8
2023/07/27 10:41:09 am cet,6,yes,the accent,maybe,depends on how said person reacts and feel afterwards,25-34,merseysider,l 17
2023/07/27 10:41:20 am cet,11,yes,can laugh at anything,yes,brighten up your day,25-34,merseysider,ch64
2023/07/27 10:42:55 am cet,5,yes,friendly people who enjoy a good laugh and making other people feel at ease,yes,can make people feel at ease and more comfortable in difficult situation,55-64,scouser,l32
2023/07/27 10:43:07 am cet,5,yes,no,maybe,"can take your mind off thing , but other time can be le helpful",19-24,scouser,l9
2023/07/27 10:44:03 am cet,11,no,no,yes,make light of the situation,19-24,scouser,l21
2023/07/27 10:44:57 am cet,4,yes,the language,yes,make you happier,25-34,scouser,l4
2023/07/27 10:45:10 am cet,4,no,no,yes,give a common bond,45-54,northerner,l39
2023/07/27 10:45:51 am cet,5,yes,it ’ s funnier,yes,can cheer people up,19-24,scouser,l11
2023/07/27 10:46:31 am cet,4,maybe,trying to understand what they ’ re saying,yes,bringing a smile to a face always make people feel happier,25-34,from somewhere else in the uk,l17
2023/07/27 10:46:41 am cet,9,yes,the banter is different way . we are different level,yes,take your mind off everything else . refocus on everything else .,45-54,scouser,l34
2023/07/27 10:46:44 am cet,11,yes,do n't take everything to serious,yes,try to make them laugh to help forget or see the funny side of the experience,35-44,scouser,l8
2023/07/27 10:48:11 am cet,5,yes,the accent and how deadpan it can be,yes,it help distract,25-34,from somewhere else in the uk,tn12
2023/07/27 10:48:47 am cet,10,yes,family,yes,escapism,55-64,scouser,l10
2023/07/27 10:48:50 am cet,10,yes,the way they tell them,yes,laughter make you feel good,55-64,scouser,l10
2023/07/27 10:49:15 am cet,4,yes,the delivery .,yes,distracts from reality .,25-34,from somewhere else in the uk,l21
2023/07/27 10:51:40 am cet,4,maybe,not really,yes,humour can take your mind off other thing going on .,35-44,northerner,l23
2023/07/27 10:52:28 am cet,10,yes,n/a,yes,i feel humour can change mood and most of the time make someone happy or laugh this may help through difficult time,19-24,scouser,l10
2023/07/27 10:52:40 am cet,10,yes,taking the mick out of people,yes,"lightens the mood , make you feel better about situation",25-34,scouser,l10
2023/07/27 10:52:49 am cet,10,yes,no,yes,make them feel good and happy,19-24,scouser,l22
2023/07/27 10:53:43 am cet,10,yes,different,yes,cheer them up,25-34,scouser,l20
2023/07/27 10:54:33 am cet,5,yes,no one can understand u,yes,make them feel better,19-24,scouser,l22
2023/07/27 10:54:40 am cet,10,yes,sense of city pride,yes,distraction,35-44,from somewhere else in the uk,l37
2023/07/27 10:55:36 am cet,4,maybe,not really,maybe,cheer you up,35-44,scouser,l13
2023/07/27 10:56:01 am cet,10,yes,no,yes,no,55-64,scouser,i22
2023/07/27 10:56:27 am cet,6,yes,the people,yes,help mental health,55-64,scouser,l8
2023/07/27 10:56:38 am cet,10,yes,i think that it ’ s a very niche type of comedy that only scouser understand and that ’ s what make it so special,yes,"yes for sure , when you ’ re feeling down or going through something , someone making you smile or laugh can lighten your day up even in the slightest and take your mind off thing",19-24,northwesterner,l39
2023/07/27 10:59:11 am cet,11,yes,the way it is said in the accent and how it sound,yes,"help break that tension/awkwardness and see a funny side of it , although not all situation are funny or can be made fun of",25-34,merseysider,ch62
2023/07/27 10:59:21 am cet,10,yes,"rude , explicit language , unapologetic",yes,"humour is uplifting , release , happy hormone in the body ,",35-44,from somewhere else in the uk,ct14
2023/07/27 11:00:57 am cet,1,maybe,no,yes,distraction,25-34,from somewhere else in the uk,l18
2023/07/27 11:04:48 am cet,6,no,not really,yes,it 's good for your mental health,19-24,from somewhere else in the uk,cv3
2023/07/27 11:05:17 am cet,6,maybe,it ha it own uniqueness ’ s,yes,if your laughing you have le time to be sad,19-24,merseysider,l11
2023/07/27 11:05:48 am cet,6,yes,down to earth,yes,keep your mind off problem,35-44,merseysider,l18
2023/07/27 11:05:57 am cet,4,yes,"people from other place , have different accent , but we dont always know where they are from . however , when you hear a scouser , people straight away know they come from liverpool .",yes,scouse humour ha a way of calming serious situation .,25-34,scouser,l4
2023/07/27 11:06:08 am cet,6,yes,because scouser are bos,yes,it 's funny,19-24,scouser,l7
2023/07/27 11:06:13 am cet,10,yes,quick witted and increasingly louder the more they find the joke/statement funny .,yes,diffuse tension,25-34,northerner,l15
2023/07/27 11:07:00 am cet,6,yes,the people,yes,it can cheer someone up no matter how there day ha been,45-54,northerner,m1
2023/07/27 11:07:12 am cet,14,yes,can laugh at self,maybe,lift the mood,25-34,scouser,l12
2023/07/27 11:08:58 am cet,6,no,it feel the same for me,yes,help to bring there mood up,25-34,northerner,pr8
2023/07/27 11:09:18 am cet,11,yes,cheekiness,yes,break tension and awkward situation,35-44,northerner,pr6
2023/07/27 11:09:33 am cet,5,yes,the pronunciation of certain word,yes,"in a way , it can go a far a lightening up people , even a few second",19-24,from somewhere else in the uk,pe14
2023/07/27 11:09:44 am cet,10,yes,"individual sense of humour like nowhere else , can make a joke out of anything",yes,make light of a bad situation by bringing a smile to people ’ s face,35-44,scouser,l20
2023/07/27 11:09:53 am cet,7,yes,we have our own personality distinct to our city,maybe,depends on the situation or person but that release of serotonin lift your mood,35-44,scouser,l30
2023/07/27 11:10:03 am cet,11,yes,quick wit,yes,"laughter is medicine , it brings people closer to the truth and truth is everything .",25-34,scouser,l25
2023/07/27 11:10:04 am cet,5,yes,the slang word,yes,make thing seem lighthearted,19-24,scouser,l4
2023/07/27 11:11:17 am cet,6,yes,good humoured,yes,relaxes people,55-64,northwesterner,ch47
2023/07/27 11:12:05 am cet,11,yes,straight to the point but kind,yes,help to change mindset and take mind off thing,25-34,merseysider,ch62
2023/07/27 11:12:21 am cet,11,maybe,lot of laughter,yes,it help with adversity,55-64,international,l22
2023/07/27 11:12:48 am cet,6,maybe,i think the accent make it distinctive due to how hard it is to understand,maybe,it depends in how someone reacts to humour,25-34,scouser,l11
2023/07/27 11:13:23 am cet,5,yes,you have to be scouse to understand it,yes,always looking on the lighter saide,65-74,northerner,l23
2023/07/27 11:15:21 am cet,4,yes,"it is a sarcastic , funny humour .",yes,it can help people forget for a while of the difficulty they are having .,35-44,scouser,l4
2023/07/27 11:15:44 am cet,7,yes,self deprecation,yes,talking and laughing help,25-34,scouser,l4
2023/07/27 11:17:42 am cet,7,yes,irish connection,yes,make people around feel bettwr,65-74,international,l17
2023/07/27 11:19:33 am cet,1,yes,the accent,yes,laughing always help and make you feel better,25-34,scouser,l7
2023/07/27 11:20:58 am cet,5,yes,dry humour,yes,can be a false high,45-54,scouser,l22
2023/07/27 11:22:52 am cet,1,yes,sense of humour to live here,yes,better to see funny side of thing,45-54,scouser,l16
2023/07/27 11:27:35 am cet,9,yes,kind of characteristic,yes,"lightens your mood , make your feel good",45-54,northwesterner,ch4
2023/07/27 11:28:08 am cet,7,yes,use of word,yes,distraction,19-24,scouser,l10
2023/07/27 11:28:57 am cet,14,yes,quick wittwd,yes,make it easier,25-34,scouser,l37
2023/07/27 11:29:22 am cet,9,yes,other region don ’ t understand our humour,yes,distraction,19-24,scouser,l4
2023/07/27 11:30:07 am cet,9,yes,ita sarcaatic datk hunour . nothinh is off limit,yes,everything can be made into a joke,25-34,scouser,l14
2023/07/27 11:30:41 am cet,14,yes,nope,maybe,depends on the situation,25-34,scouser,l12
2023/07/27 11:30:55 am cet,14,yes,it ’ s terrible,yes,can provide an escape,25-34,from somewhere else in the uk,l37
2023/07/27 11:30:55 am cet,14,yes,dark,yes,take your mind off of thing,25-34,northerner,m28
2023/07/27 11:31:03 am cet,14,yes,i think that it can be a sarcastic dry sense of humour but also protective of liverpool and others,maybe,i think it allows people to process in there own time,25-34,scouser,l12
2023/07/27 11:31:04 am cet,9,yes,if you know you know,yes,lightens any mood,25-34,scouser,l4
2023/07/27 11:31:24 am cet,9,yes,it fast quick witted off the cuff answer that make it distinctive .,yes,you always feel better after a good laugh .,55-64,scouser,l16
2023/07/27 11:31:52 am cet,9,yes,do n't take thing too seriously .,yes,can be a distraction,25-34,scouser,l14
2023/07/27 11:32:53 am cet,9,yes,warped,yes,enlighten thing,25-34,scouser,l4
2023/07/27 11:33:15 am cet,7,yes,humour in accent,yes,laughing help,55-64,scouser,l14
2023/07/27 11:33:29 am cet,7,yes,"good people , accepting",yes,got ta laugh,65-74,merseysider,l25
2023/07/27 11:33:50 am cet,9,yes,sarcasm,yes,laughing help you heal,25-34,scouser,l5
2023/07/27 11:34:22 am cet,4,yes,recognise anywhere in the world,yes,it heals cure all sort of thing,prefer not to say,from somewhere else in the uk,l1
2023/07/27 11:34:38 am cet,6,yes,it ’ s dry,yes,"relaxes , brings joy",35-44,from somewhere else in the uk,l7
2023/07/27 11:34:46 am cet,14,yes,quick an sharp,yes,laughter is an excellent coping mechanism,35-44,scouser,l17
2023/07/27 11:35:37 am cet,9,yes,the style,yes,turn sad situation around,35-44,scouser,l14
2023/07/27 11:35:39 am cet,6,yes,the people,yes,release endorphin,55-64,scouser,l15
2023/07/27 11:35:42 am cet,9,yes,quirky accent,yes,to lighten the mood,55-64,scouser,l16
2023/07/27 11:36:31 am cet,7,no,not really,yes,cheer people up,19-24,scouser,l24
2023/07/27 11:36:32 am cet,6,maybe,history,maybe,make you happier,19-24,from somewhere else in the uk,l2
2023/07/27 11:36:43 am cet,14,yes,the accent,maybe,short burst of enjoyment,19-24,northerner,l3
2023/07/27 11:37:56 am cet,6,yes,it seem very incity type of joke,yes,of course even if your upset a laugh will bring a smile out 😊,19-24,from somewhere else in the uk,ll11
2023/07/27 11:38:09 am cet,10,yes,"accent , shared experience or culture within liverpool make it unique",yes,"provides a simple relief or escape from any problem or stress , especially now it ’ s so easily accessible via social media/podcasts",19-24,northwesterner,l39
2023/07/27 11:38:12 am cet,6,yes,down to earth,maybe,make you feel better,25-34,scouser,l25
2023/07/27 11:38:39 am cet,9,yes,different from everyone else,maybe,"not at all time . but mostly yes , help give light to a situation",25-34,scouser,l16
2023/07/27 11:39:25 am cet,5,yes,"so quick , sharp",yes,humour break the ice,35-44,scouser,l33
2023/07/27 11:39:53 am cet,10,yes,quick and witty,yes,bit of fun can defuse a tense situation,45-54,scouser,l253sf
2023/07/27 11:40:02 am cet,14,yes,"it 's vicious , and tends to use word in way that are n't usually insult . e.g you crab/winnet/lizard/melt",yes,"it can be mild gallows humour that still let you feel what your feeling , but can allow you to feel mild relief at a humour . it take the edge off",35-44,scouser,l36
2023/07/27 11:41:27 am cet,14,yes,we all seem to be on the same page . we can joke about stuff that someone for another part of the country would n't find funny,yes,it help you get through a tough time . joking about it can make it seem smaller,25-34,scouser,l34 2rp
2023/07/27 11:43:04 am cet,1,yes,sarcastic,yes,lift your mood sociable,25-34,northwesterner,ch66
2023/07/27 11:43:19 am cet,1,maybe,working class humour,yes,laughing is contagious and brightens someone ’ s day .,25-34,from somewhere else in the uk,l18 5ha
2023/07/27 11:43:30 am cet,7,maybe,not everyone get it,yes,a laugh can change your day completely,35-44,scouser,l30
2023/07/27 11:44:17 am cet,9,yes,na,yes,na,25-34,scouser,l16
2023/07/27 11:45:31 am cet,1,yes,very dry/self-deprecating,yes,it make you process thing easier and put thing in perspective !,35-44,northerner,l18
2023/07/27 11:45:42 am cet,14,yes,quite dry,yes,laughter is the best medicine,35-44,merseysider,ch44
2023/07/27 11:45:43 am cet,1,yes,it is street level working class humour,yes,"sometimes finding humour in the bleakest if time , help you through difficultiea when you might want to just give up .",45-54,northwesterner,wa8
2023/07/27 11:45:43 am cet,5,maybe,no,yes,make it le awkward,25-34,from somewhere else in the uk,e15
2023/07/27 11:46:09 am cet,5,no,from sweden,yes,take away drama around difficult experience,55-64,international,l35
2023/07/27 11:46:47 am cet,14,yes,generous but also quite cocky,yes,help to lighten a particularly heavy situation . help to contextualise thing a little,35-44,scouser,l3
2023/07/27 11:47:28 am cet,11,yes,there ’ s a lot of “ inside ” joke and lingo that make it almost an exclusive humor . think purple aki,yes,laughter cure most thing,25-34,international,l22
2023/07/27 11:47:29 am cet,1,maybe,bold and straightforward,yes,learning to laugh at yourself and situation you find yourself in help build resilience and keep matter in perspective .,35-44,northwesterner,l2
2023/07/27 11:47:35 am cet,14,yes,cutting but warm,yes,"if you ’ re struggling and someone try to make you smile , it show they care .",35-44,scouser,l16
2023/07/27 11:47:47 am cet,1,yes,the accent make everything funnier !,yes,"relaxes you , put you at ease",25-34,scouser,l31
2023/07/27 11:47:49 am cet,11,yes,quick witted,yes,increase serotonin,35-44,scouser,l11
2023/07/27 11:48:13 am cet,1,yes,sarcastic,yes,lift your mood sociable,25-34,northwesterner,ch66
2023/07/27 11:48:17 am cet,14,yes,crude and to the point,yes,take them away from the moment,25-34,northerner,l35
2023/07/27 11:49:17 am cet,1,yes,similar to irish,yes,laughing help people relax,35-44,scouser,l15
2023/07/27 11:50:58 am cet,14,yes,observational,yes,some night have a crap night at work listening to comedy helos,45-54,from somewhere else in the uk,fk5
2023/07/27 11:51:06 am cet,7,yes,self deprecating,yes,if don ’ t laugh will cry,65-74,scouser,l19
2023/07/27 11:51:11 am cet,7,yes,self deprecating,yes,light side is brighter,65-74,northwesterner,l26
2023/07/27 11:51:20 am cet,10,yes,the vibe,yes,laughter is the best medicine,25-34,scouser,l22
2023/07/27 11:51:22 am cet,1,yes,nope,yes,n/a,45-54,from somewhere else in the uk,l31
2023/07/27 11:51:37 am cet,14,yes,n,yes,n,19-24,scouser,l8
2023/07/27 11:51:53 am cet,14,yes,very quick to take the piss out of someone or a situation but also equally self-deprecating,yes,momentarily reminds them it 's ok to smile/laugh if they 're in difficult situation,35-44,international,l18
2023/07/27 11:51:57 am cet,3,yes,down to earth,yes,make you happy,55-64,scouser,l8
2023/07/27 11:52:33 am cet,9,yes,it ’ s unique,yes,it can lighten the mood if people ware nervous or tense,25-34,scouser,l16
2023/07/27 11:52:42 am cet,9,yes,no,yes,it can make a difficult experience more light hearted,25-34,scouser,l10
2023/07/27 11:54:19 am cet,10,yes,so quick and mostly laughing at yourself,yes,seeing a crisis from a different perspective,55-64,northerner,l39
2023/07/27 11:55:22 am cet,7,maybe,no,yes,help move on,19-24,international,l7
2023/07/27 11:55:43 am cet,7,no,nothing,yes,making light,19-24,international,l7
2023/07/27 11:55:50 am cet,14,yes,blunt punchlines,yes,lightens the mood,25-34,scouser,l36
2023/07/27 11:56:20 am cet,9,yes,the language used,yes,humour can change the situation from something serious to enjoyable,25-34,scouser,l14
2023/07/27 11:57:42 am cet,3,yes,warm and personal,yes,lift you up,35-44,from somewhere else in the uk,l17
2023/07/27 12:00:43 pm cet,1,yes,light hearted and not taking themselves too seriously,yes,thing seem easier to deal with if you can laugh at the situation . put it into perspective and make it seem le serious .,25-34,from somewhere else in the uk,l18
2023/07/27 12:01:35 pm cet,9,yes,it ’ s situational,yes,can help people feel le alone,35-44,from somewhere else in the uk,wa10
2023/07/27 12:02:11 pm cet,14,yes,the willingness to take the mick out of oneself,yes,form of release from the stress of day to day life,25-34,merseysider,wa2
2023/07/27 12:04:23 pm cet,1,maybe,they ca n't help themselves .,yes,you 're le likely to get punched by someone who is laughing at your joke,55-64,from somewhere else in the uk,l25
2023/07/27 12:07:00 pm cet,14,yes,us offensive language a term of endearment,yes,common situation made light of can be freeing of perceived guilt / loneliness etc,35-44,merseysider,wa10
2023/07/27 12:07:03 pm cet,1,yes,no,yes,cheer people up just the way we are,55-64,scouser,l12
2023/07/27 12:09:17 pm cet,14,yes,it insulting but in a good way,yes,i find gallows humour healing,25-34,scouser,l36
2023/07/27 12:09:52 pm cet,10,yes,we can have a laugh even in sad situation,yes,laughter reminds u thing can get better,55-64,scouser,l30
2023/07/27 12:10:46 pm cet,1,yes,quick wit,yes,diffuses tension and diverts focus,55-64,scouser,l31
2023/07/27 12:11:16 pm cet,10,maybe,"i think scouse humour is somewhat similar to other northern cities/areas , but scouse humour tends to be more off the cuff and quick-witted .",yes,i think that seeing a more humorous side to a situation can help someone deal with a potentially difficult experience .,25-34,northerner,l8
2023/07/27 12:14:06 pm cet,9,yes,accent and the people,yes,lift the mood and release happy stuff,35-44,merseysider,l20
2023/07/27 12:14:31 pm cet,9,yes,every one ha a cheeky side !,yes,offer relief or a release in stressful situation .,35-44,scouser,l15
2023/07/27 12:14:46 pm cet,14,yes,dark joke with a forgiving nature .,yes,making people smile and laugh release tension and anxiety .,35-44,scouser,l31
2023/07/27 12:16:12 pm cet,9,yes,you can be sitting in a pub and within 5 min your talking to a stranger . people are friendly and so easy to get on with,yes,it release negative thought if your happy then everyone around you feel the vibe,45-54,scouser,l8
2023/07/27 12:16:30 pm cet,9,yes,funniest chap in the world,yes,give you a release like no other,25-34,scouser,l16
2023/07/27 12:16:52 pm cet,9,yes,the people,yes,relaxes people and help them forget their worry and trouble,35-44,scouser,l31
2023/07/27 12:17:57 pm cet,14,yes,local dialect,yes,laughter get endorphin going,55-64,from somewhere else in the uk,rm17
2023/07/27 12:18:00 pm cet,9,yes,no,yes,make people happy,35-44,international,l32
2023/07/27 12:18:21 pm cet,10,yes,very quick,yes,"it can make you feel better , the situation is taken seriously , try to always make someone feel upbeat",45-54,scouser,l25
2023/07/27 12:23:41 pm cet,7,yes,give stick to each other,yes,change mood,35-44,scouser,l12
2023/07/27 12:24:09 pm cet,7,yes,no,yes,laughter,19-24,international,ireland
2023/07/27 12:24:20 pm cet,7,maybe,leave me alone,maybe,stop following me,prefer not to say,from somewhere else in the uk,i 'm not joking
2023/07/27 12:25:56 pm cet,10,yes,the tone,yes,help with depression and anxiety,25-34,scouser,l22
2023/07/27 12:28:18 pm cet,7,yes,mix of people and tough life,yes,laughing better than cry,55-64,scouser,l4
2023/07/27 12:30:28 pm cet,1,yes,sarcastic,yes,can reduce awkwardness,45-54,scouser,l21
2023/07/27 12:34:11 pm cet,10,yes,unsure,yes,it just doe,19-24,scouser,l22
2023/07/27 12:38:27 pm cet,10,yes,the accent,yes,bringing the brighter side out of the situation ❤️,19-24,scouser,l30
2023/07/27 12:39:11 pm cet,11,yes,it ’ s insult comedy at it best,yes,laughing about it let ’ s you heal quicker than cry,25-34,international,l22
2023/07/27 12:39:35 pm cet,1,yes,dry wit,yes,everyone like to laugh,65-74,merseysider,wa 10 3 sa
2023/07/27 12:42:50 pm cet,5,yes,the accent,yes,make people laugh,19-24,merseysider,l34
2023/07/27 12:45:50 pm cet,14,yes,mix of culture,yes,distracts you,35-44,merseysider,l3
2023/07/27 12:46:36 pm cet,14,yes,real sarcastic relatable,yes,get you talking opening up,25-34,scouser,l28
2023/07/27 12:49:27 pm cet,14,yes,amazing,yes,lighten ups a situation,55-64,scouser,l13
2023/07/27 12:50:38 pm cet,3,yes,close to the bone,yes,take your mind off,19-24,scouser,l3
2023/07/27 12:50:55 pm cet,9,maybe,the accent,maybe,"being able to laugh during all the uncertainty and loss , creates a powerful mental health ‘ safety net ’ that help to cultivate resilience and courage",25-34,northwesterner,l8
2023/07/27 12:51:06 pm cet,14,yes,quick wit,yes,relief tension,55-64,scouser,l21
2023/07/27 12:51:35 pm cet,7,yes,witty along with accent,yes,improves mood something different to think about,19-24,merseysider,wa9
2023/07/27 12:51:43 pm cet,2,maybe,no,yes,having a sense of humour help you feel better,35-44,northwesterner,ch3
2023/07/27 12:51:57 pm cet,3,yes,close to home,yes,brings people together,65-74,scouser,l25
2023/07/27 12:52:06 pm cet,9,yes,just a different breed arent we,yes,give you life !,19-24,scouser,l4
2023/07/27 12:52:34 pm cet,9,yes,people,yes,make them feel better,45-54,scouser,l12
2023/07/27 12:52:34 pm cet,2,yes,very dry,yes,give people enjoyment,35-44,northwesterner,ch62
2023/07/27 12:52:59 pm cet,9,yes,funny people,yes,release positive thought,35-44,merseysider,l20
2023/07/27 12:53:22 pm cet,2,yes,sarcastic,yes,make them feel better about life,25-34,scouser,l25
2023/07/27 12:53:55 pm cet,9,yes,the people and culture of liverpool make the humour different to any other place,yes,laughter is bonding . if you can laugh with a stranger you can laugh with anyone,45-54,scouser,l17
2023/07/27 12:54:08 pm cet,10,yes,it just pure banter,yes,get you out of a dark place,25-34,scouser,l4
2023/07/27 12:54:23 pm cet,2,yes,sarcastic,yes,make thing light hearted and don ’ t take thing too seriously,25-34,scouser,l1
2023/07/27 12:55:01 pm cet,14,maybe,-,yes,lightens the mood and laughter produce chemical reaction that make you feel good .,35-44,international,-
2023/07/27 12:55:13 pm cet,10,yes,the accent make anything funnier,yes,a scouser can make anyone laugh,35-44,scouser,l11
2023/07/27 12:55:56 pm cet,2,yes,distinctive in what you can / can ’ t joke about,yes,help you overcome and see thing in different light . move past hard time .,25-34,northwesterner,l3
2023/07/27 12:56:19 pm cet,10,yes,the people,yes,nothing better than a good laugh,19-24,scouser,l18
2023/07/27 12:56:20 pm cet,9,yes,quick witted friendly,yes,help release negative thought,35-44,scouser,l7
2023/07/27 12:56:43 pm cet,2,yes,very dry,yes,make thing lighthearted,35-44,northerner,ch40
2023/07/27 12:56:53 pm cet,10,yes,dry infectious fun and always happy,yes,brings people our of shell into more relaxed environment,45-54,scouser,l39
2023/07/27 12:57:48 pm cet,9,yes,dry,yes,good endorphin,25-34,scouser,l4
2023/07/27 12:58:11 pm cet,2,yes,quite cutting,yes,give you a bit of pep,35-44,scouser,l18
2023/07/27 12:58:50 pm cet,10,yes,quick wit,yes,it can turn a heavy situation into something more easier to cope with,25-34,northwesterner,l39
2023/07/27 12:59:20 pm cet,2,yes,very dry,yes,make people smile and be happy,45-54,international,l9
2023/07/27 1:00:43 pm cet,2,yes,doesn ’ t take itself too seriously,yes,make people look on the bright side of life,25-34,from somewhere else in the uk,ch41
2023/07/27 1:00:47 pm cet,5,yes,able to have a laugh at each other,yes,brighten ppls day up,45-54,northerner,l15
2023/07/27 1:00:53 pm cet,10,maybe,the accent or reference to places/people within liverpool,yes,it 's a form of escapism . take you temporarily away from that difficult experience . lightens the mood,45-54,scouser,l18
2023/07/27 1:01:45 pm cet,2,yes,dry and witty,yes,help people relax and cheer them up,45-54,northerner,pr8
2023/07/27 1:02:09 pm cet,14,yes,the accent,yes,cheer them up,25-34,from somewhere else in the uk,dy11
2023/07/27 1:02:12 pm cet,14,yes,sarcasm,yes,take your mind off yt,35-44,from somewhere else in the uk,ox44
2023/07/27 1:02:44 pm cet,2,maybe,no,yes,laughing is better than cry,45-54,northerner,l3
2023/07/27 1:02:53 pm cet,5,yes,it 's brutally honest,yes,take your mind off your problem,25-34,merseysider,ch45
2023/07/27 1:04:11 pm cet,14,yes,observational,yes,take you out of yourself,55-64,merseysider,wa10
2023/07/27 1:04:55 pm cet,10,yes,our sarcastic nature in humour,yes,it can diffuse a difficult situation,55-64,scouser,l22
2023/07/27 1:05:05 pm cet,2,yes,quick and easy to take the mic out of each other,yes,ricky gervais said if you laugh at horrible thing it make it seem le horrible,25-34,scouser,l21
2023/07/27 1:06:06 pm cet,5,yes,dry sense of humour,yes,"you forget for a few minute about , difficult experience",35-44,scouser,l15
2023/07/27 1:07:13 pm cet,10,maybe,not sure,yes,make people come together,65-74,scouser,l22
2023/07/27 1:07:22 pm cet,5,yes,one liner,yes,break up the day,under 18,scouser,l15
2023/07/27 1:07:56 pm cet,10,yes,the ability to laugh at each other,yes,make people happier,25-34,scouser,l12
2023/07/27 1:07:56 pm cet,3,yes,all scouser are funny,yes,good for mental health,25-34,scouser,l17
2023/07/27 1:08:26 pm cet,5,yes,always have a come back,yes,laughter is the best medicine,under 18,scouser,l15
2023/07/27 1:08:27 pm cet,14,yes,"witty character , offensive humour",yes,make light of a situation help you relate,35-44,scouser,l12
2023/07/27 1:09:04 pm cet,3,yes,scouser are just funny,yes,lift the mood,35-44,northwesterner,l15
2023/07/27 1:09:09 pm cet,10,yes,feeling of relatability and down to earth,yes,"a form of stress reliever , release endorphin",25-34,northwesterner,mk11
2023/07/27 1:09:29 pm cet,5,yes,always up for a laugh,maybe,break the ice sometimes,under 18,scouser,l15
2023/07/27 1:09:54 pm cet,1,yes,it is very unique in term of only people around the area will understand,yes,it make you laugh to boost your mood,19-24,merseysider,l39
2023/07/27 1:10:40 pm cet,5,yes,g4eat punch line,yes,help remembering this person,under 18,scouser,l15
2023/07/27 1:12:37 pm cet,14,maybe,other northern place have similar humour too,yes,laugh and can create a bond,19-24,scouser,l16
2023/07/27 1:12:46 pm cet,14,no,no,yes,you can laugh about a bad situation,25-34,scouser,l3
2023/07/27 1:13:11 pm cet,1,no,it is northern humour,yes,it sometimes help to lighten the situation,65-74,northerner,296
2023/07/27 1:13:12 pm cet,14,yes,the quickness of the come back in conversation,yes,laughter is better than no humour,45-54,northwesterner,wn40dj
2023/07/27 1:13:38 pm cet,10,no,i don ’ t think it is distinctive . i have worked with people from around the uk sand find most share the same sense of humour .,yes,help relax people and hopefully open up conversation .,55-64,northwesterner,l39
2023/07/27 1:13:52 pm cet,14,yes,famous across the country to be witty,yes,how you relate to people,45-54,from somewhere else in the uk,ox5
2023/07/27 1:13:56 pm cet,10,maybe,.,yes,cheer people up . show that others may have had the same experience .,45-54,merseysider,l39
2023/07/27 1:14:32 pm cet,10,yes,down to earth,yes,it show your not alone,55-64,from somewhere else in the uk,ch42
2023/07/27 1:14:51 pm cet,5,yes,the dryness,yes,break the ice,35-44,from somewhere else in the uk,bt13
2023/07/27 1:15:41 pm cet,14,yes,"everything said is done in gest , not nastiness or disrespectfully",yes,it help me to see the brighter side of life,35-44,merseysider,wn6
2023/07/27 1:16:20 pm cet,14,yes,"not easily offended . predominantly working class , no entitlement",yes,eas tension .,35-44,scouser,l38
2023/07/27 1:16:39 pm cet,6,yes,the accent,yes,mentally,25-34,scouser,l24
2023/07/27 1:16:42 pm cet,5,yes,scouser almost have their own language . scouse humour is like an exclusive club you only get to be a part of if you understand our language .,yes,humour provides an escapism for people going through a difficult time . it take you out of your feeling and allows you be free of worry for a while .,19-24,scouser,l35
2023/07/27 1:17:01 pm cet,5,yes,fast paced,yes,ice breaking,35-44,northerner,pr8
2023/07/27 1:17:10 pm cet,14,yes,one of a kind not too serious no topic off limit,yes,just always help,35-44,scouser,l10
2023/07/27 1:18:03 pm cet,6,maybe,local,yes,feel good,19-24,from somewhere else in the uk,m23
2023/07/27 1:18:21 pm cet,10,yes,it 's often the ability to think of a very quick funny response to everyday situation in a non threatening or rude way,yes,it can help those around you feel more comfortable to speak out and show how they feel,55-64,merseysider,ch63
2023/07/27 1:18:28 pm cet,10,yes,they way they tell a joke,yes,can make someone laugh when there feeling down,35-44,scouser,l14
2023/07/27 1:19:24 pm cet,14,yes,the story,yes,relief tension,19-24,international,czech
2023/07/27 1:19:47 pm cet,10,yes,don ’ t take anything too seriously,yes,laugh it off,25-34,scouser,l30
2023/07/27 1:20:01 pm cet,6,yes,the humour,yes,the accent,55-64,scouser,l19
2023/07/27 1:20:51 pm cet,1,yes,scouser can take a joke better than elsewhere,yes,lightens up a bad situation,25-34,scouser,l23
2023/07/27 1:21:16 pm cet,14,yes,no,yes,make you smile,45-54,northwesterner,wa10
2023/07/27 1:21:48 pm cet,14,yes,quick witted,yes,lift the mood,55-64,northerner,cw12
2023/07/27 1:22:23 pm cet,7,yes,quick funny humour,yes,mental health,35-44,scouser,l31
2023/07/27 1:22:25 pm cet,5,yes,laughter,yes,make people laugh,35-44,scouser,l24
2023/07/27 1:22:30 pm cet,10,yes,"it can be offensive but friendly at the same time ! and always delivered well , not cringey",yes,"lightens the mood ,",25-34,scouser,l23
2023/07/27 1:23:20 pm cet,10,yes,cameraderie,yes,laughing help you forget,55-64,scouser,l30
2023/07/27 1:23:41 pm cet,5,yes,the people expression,yes,improves moral,25-34,scouser,l14
2023/07/27 1:23:58 pm cet,14,yes,just naturally funny,yes,because it 's a happy emotion to bring you up,35-44,merseysider,l14
2023/07/27 1:24:19 pm cet,14,yes,right to the point and the accent,yes,deflects take your mind of it,35-44,from somewhere else in the uk,bt66
2023/07/27 1:25:06 pm cet,1,yes,"mickey taking , accent . irish culture",yes,help put thing into perspective,75-84,scouser,l10
2023/07/27 1:25:44 pm cet,3,yes,relatable,yes,take your mind off,45-54,scouser,l20
2023/07/27 1:26:07 pm cet,10,yes,the ability to be quick witted in a humorous way in everyday situation,yes,"it can be used to diffuse certain confrontation , because it lightens the mood",55-64,merseysider,ch63
2023/07/27 1:26:09 pm cet,5,maybe,the accent,yes,help tense situation,25-34,merseysider,l2
2023/07/27 1:27:42 pm cet,7,yes,it stand out,yes,help cope with stress and take your mind off it abit,19-24,scouser,l9
2023/07/27 1:27:42 pm cet,9,yes,banter,yes,can make thing a little lighter when someone is feeling dark or low,25-34,scouser,l20
2023/07/27 1:28:36 pm cet,14,yes,honest down to earth people from mixed cultural background,yes,"laughter release endorphin , reduces stress and make you forget about the worry",45-54,merseysider,l23
2023/07/27 1:29:45 pm cet,14,yes,no,yes,laughter is good for you,55-64,northerner,ch41
2023/07/27 1:29:48 pm cet,14,yes,the accent,yes,give you a lift help you through a bad day,55-64,from somewhere else in the uk,ln8
2023/07/27 1:30:45 pm cet,9,yes,we ’ re so quick with a witty reply,yes,cheer them up if they ’ re feeling low,55-64,scouser,l12 6rq
2023/07/27 1:31:04 pm cet,14,yes,i always find humor to be a huge part of getting through tough time . humor in a spouse wa always one thing i looked for .,yes,laughter can help get you through tough time .,25-34,international,49456
2023/07/27 1:31:27 pm cet,5,maybe,orange tan based humour,yes,joke break up tension and put people at ease,35-44,merseysider,ch
2023/07/27 1:35:45 pm cet,14,yes,the accent,yes,the medicine of life,35-44,scouser,l7
2023/07/27 1:35:58 pm cet,14,yes,"candour , sarcasm , intellectual wit , tongue in cheek",yes,"it can be a much need distraction from difficult experience . laughter increase oxygen intake , engages lung and muscle , release endorphin by brain resulting in a laughter/endorphin cycle . the more you laugh the happier you become .",35-44,merseysider,l32
2023/07/27 1:37:53 pm cet,14,maybe,quick witted no subject off limit,no,take mind off it,45-54,scouser,l22
2023/07/27 1:38:04 pm cet,5,no,no,yes,brings a lighter side to difficult moment .,25-34,international,ch60
2023/07/27 1:41:53 pm cet,10,yes,scouser ability to overcome adversity,yes,allows people to open up,55-64,scouser,l25
2023/07/27 1:41:59 pm cet,14,yes,quick fast whitby on the ball rhetorical,yes,humour help your mind set endorphines,55-64,merseysider,wa12
2023/07/27 1:44:52 pm cet,7,yes,quick wit,yes,sensible advise in a humorous way,65-74,merseysider,l31
2023/07/27 1:48:31 pm cet,14,no,the attitude and sas,maybe,depends on the severity,25-34,scouser,l21
2023/07/27 1:49:31 pm cet,10,yes,the irony and the sarcasm,yes,it help lift the mood,75-84,merseysider,l39
2023/07/27 1:49:47 pm cet,9,yes,liverpool is unique city and the people are different to the rest of the country,no,it can only cover up the real problem and the problem will never be solved,25-34,scouser,l33
2023/07/27 1:51:02 pm cet,1,yes,we don ’ t take ourselves seriously .,yes,relief stress and anxiety ’ s,45-54,scouser,l14
2023/07/27 1:54:49 pm cet,1,yes,"it quite dry , and scouser are n't easily offended .",yes,"i think because scouser are so friendly and always make you feel welcome , it almost feel like they want you to be part of a family . so i think in difficult situation , they would never want to make anyone feel awkward/sad/offended so would maybe always use humour to make light of a difficult situation .",25-34,scouser,l10
2023/07/27 1:55:49 pm cet,1,yes,because where funny,yes,to laugh,25-34,scouser,l19
2023/07/27 1:55:58 pm cet,6,yes,no filter they just say it how it is,yes,mentally,65-74,scouser,l8
2023/07/27 1:56:09 pm cet,6,yes,the people,yes,make a joke of it .,25-34,merseysider,l7
2023/07/27 1:56:18 pm cet,6,yes,scouser,yes,give you a laugh,35-44,scouser,l17
2023/07/27 1:56:53 pm cet,10,yes,about scouse subject,yes,help you forget,35-44,northwesterner,l37
2023/07/27 1:57:27 pm cet,7,yes,unique,yes,making the best out of the situation,35-44,merseysider,l31
2023/07/27 1:59:53 pm cet,10,maybe,no,yes,pick people up,25-34,scouser,l30
2023/07/27 2:03:05 pm cet,5,yes,the slang,maybe,it is easier to relate to people when you understand their dialect,25-34,northwesterner,l39
2023/07/27 2:05:45 pm cet,14,yes,it ’ s abrasive but honest depicting real life situation,yes,instills happiness,35-44,from somewhere else in the uk,ba21
2023/07/27 2:09:24 pm cet,14,yes,yes,maybe,depends on the person . some people would like the distraction but others might see it a belittling the problem .,35-44,scouser,l25
2023/07/27 2:10:04 pm cet,9,yes,everyone is mad,yes,release endorphin,35-44,scouser,l3
2023/07/27 2:10:31 pm cet,9,maybe,the people always seem up for a laugh,yes,laughter is the best medicine,45-54,from somewhere else in the uk,sw16
2023/07/27 2:12:30 pm cet,10,yes,the accent allows joke that others would n't .,yes,laughing make you happy and that help you forget even for a moment,35-44,from somewhere else in the uk,ct14
2023/07/27 2:12:54 pm cet,9,yes,it ’ s a mix of dark and just plain taking the mick out of each other . it ’ s get u through the hard time when it doesn ’ t feel like there ’ s anything to laugh at .,yes,"in the pit of despair , finding humour help you through .",35-44,scouser,l12
2023/07/27 2:13:12 pm cet,14,no,not heard much about it,yes,make you feel good,65-74,from somewhere else in the uk,glasgow
2023/07/27 2:14:34 pm cet,9,yes,"dry sense of humour , honest and cut throat",yes,smiling or laughing to brighten their mood,25-34,scouser,l19
2023/07/27 2:16:09 pm cet,10,yes,accent,yes,it can help develop resilience in tough time and reduce stress .,25-34,from somewhere else in the uk,ct7
2023/07/27 2:17:39 pm cet,14,yes,the dialect,yes,lift the moid,19-24,scouser,l3
2023/07/27 2:19:16 pm cet,5,yes,language,yes,improve mood,35-44,merseysider,l35
2023/07/27 2:20:06 pm cet,5,no,nothing,no,nothing,25-34,scouser,l4
2023/07/27 2:20:30 pm cet,14,yes,"dry , quick witted",yes,it put a lighter spin on a dark situation,35-44,from somewhere else in the uk,b42
2023/07/27 2:21:06 pm cet,5,yes,self deprecating,yes,laughing is good for you,55-64,scouser,l20
2023/07/27 2:22:25 pm cet,5,yes,"sarcastic , dry sense of humour",yes,smiling and laughing make you feel better,55-64,scouser,l30
2023/07/27 2:24:20 pm cet,14,yes,no,yes,distracts them,19-24,northwesterner,l39
2023/07/27 2:25:56 pm cet,14,yes,if we don ’ t love it you will know it,yes,eas pain,19-24,northerner,l1
2023/07/27 2:27:05 pm cet,14,no,no,yes,help to drop stress level,prefer not to say,from somewhere else in the uk,ch4
2023/07/27 2:28:05 pm cet,14,yes,high oitched,yes,lightens the mood and make you relaxed,19-24,merseysider,ch42
2023/07/27 2:29:47 pm cet,7,yes,"it quite dry , people are n't easily offended .",yes,"i think scouser make everyone feel so welcome and are always really friendly . they always want to make everyone feel like part of the family and never want anyone to feel awkward , sad , or offended , so use humour to make light of difficult situation .",25-34,scouser,l10
2023/07/27 2:38:12 pm cet,1,yes,sarcasm,maybe,making people laugh reduces anxiety in the short term sense,45-54,scouser,l32
2023/07/27 2:46:42 pm cet,7,yes,"just think we have a better sense of humour , and can laugh at thing other people can ’ t .",yes,depends on the experience . if someone is nervous about something then i think making them laugh help ease the nerve .,35-44,scouser,l31
2023/07/27 2:47:42 pm cet,10,yes,it ’ s funny,yes,it ’ s funny,19-24,scouser,l20
2023/07/27 2:50:47 pm cet,11,maybe,sarcasm,yes,make light of a bad situation and help improve mood,25-34,scouser,l3
2023/07/27 2:53:48 pm cet,10,maybe,i 'm not sure it is distinctive,maybe,i answered maybe,55-64,scouser,l13
2023/07/27 2:55:29 pm cet,10,yes,dry and sarcastic and never take anything to heart ! not afraid to make fun of themselves .,yes,sometimes you need a reason to laugh/smile .,25-34,scouser,l18
2023/07/27 5:08:57 pm cet,10,no,"the sharp , nail on a chalkboard , accent .",yes,"humour , in turn laughing , naturally release endorphin which is a chemical stress reliever within the body .",25-34,from somewhere else in the uk,ct14
2023/07/27 5:12:35 pm cet,10,yes,the accent,yes,lightens the mood,35-44,scouser,l8
2023/07/27 5:13:37 pm cet,14,yes,sometimes sick and strange humour,yes,can make it light hearted,55-64,scouser,l31
2023/07/27 5:46:00 pm cet,9,yes,very quick witted,yes,if your laughing your not cry,45-54,scouser,l35
2023/07/27 6:34:43 pm cet,10,yes,dry and fast,yes,defuses anxiety,65-74,from somewhere else in the uk,l3
2023/07/27 6:54:35 pm cet,9,yes,"it 's usually subtly rude , but in a way thats never taken a rude , it charming , and light hearted",yes,"sometimes making joke out of our difficulty in life help u to look on the bright side . if we can laugh about it , it ca n't be that bad !",25-34,scouser,l12
2023/07/27 8:57:43 pm cet,5,yes,the comedic timing and delivery of the comedy,yes,it allows people to talk about difficult thing but in a way that isn ’ t negative and is instead more relatable .,25-34,scouser,l35
2023/07/27 11:02:46 pm cet,9,yes,unique and clever,yes,laughter is the best medicine,25-34,scouser,l4
2023/07/28 8:55:38 am cet,10,yes,it ’ s a very dry sense of humour,yes,make light of the difficult experience,55-64,scouser,l21
2023/07/28 9:02:22 am cet,10,yes,use of certain words… historical figure etc,yes,laugh about death etc,35-44,scouser,l15
2023/07/28 10:00:44 am cet,1,yes,scouser have a great sense of humour,yes,with difficult circumstance for some people a bit of humour can ease the problem,55-64,scouser,l13
2023/07/28 11:21:54 am cet,1,yes,we like a good laugh,yes,lightness the mood,45-54,scouser,l31
2023/07/28 3:08:33 pm cet,14,yes,sarcasm & wit,yes,keep your mental state happy,65-74,scouser,l18
