"Timestamp","Team","Do you think there is something distinctive about scouse humour?","Do you have any thoughts on what makes it distinctive?","Do you think humour can help people deal with difficult experiences?","If you answered yes or maybe, how do you think it helps?","Would you mind saying what age group you belong to?","How would you identify yourself from the following:","What is that first part of your postcode? E.g. L16"
"2023/07/26 2:48:34 pm CET","8","Yes","Sarcasm","Maybe","Release tension","35-44","Scouser","L18 9uz"
"2023/07/26 2:59:04 pm CET","1","Yes","It disarms the offensive to seem inoffensive and humorous ","Yes","It takes the anxiety away by making the situation seem familiar and identifiable ","35-44","Scouser","L18"
"2023/07/26 3:22:19 pm CET","1","Yes","Speed of whit and retort","Yes","Coping mechanism and laughter helps","35-44","Scouser","L26"
"2023/07/26 3:29:31 pm CET","7","Yes","Wuff","Yes","You can laugh at dickheads","85+","International","Libya 12 "
"2023/07/26 3:42:02 pm CET","9","Yes","Its quick. Unless it Kev Coogan, whos always a few seconds behind the pace.","Yes","Laughing always takes your minf of things even just for a few seconds","35-44","Scouser","L18"
"2023/07/26 4:08:53 pm CET","3","Yes","Sharp and quickkkkkkk witted","Yes","Lightens the mood","85+","Scouser","L1 mmmmmmate"
"2023/07/26 5:14:37 pm CET","1","Yes","We are very quick witted and use humour as a way of coping as a community with some challenging times historically ","Yes","I think humour and comedy is a great escape if you are dealing with either physical or mental issues. Not sure of the science, however, you just ‘feel better’ when you laugh!","45-54","Scouser","L21"
"2023/07/26 5:42:04 pm CET","1","Yes","Underdog, underclass spirit. ","Yes","Humour brings context to the situation. We’re all gonna die anyway so might as well have a laugh until then. ","35-44","Scouser","L25"
"2023/07/26 6:41:55 pm CET","1","Yes","Self deprecating ","Yes","As a distraction ","35-44","Scouser","L19"
"2023/07/26 7:33:07 pm CET","1","Yes","Quick witted, direct, cutting, self deprecating ","Yes","Can help to deal with difficult situations better and enable conversations to start by making things seem more ligh hearted ","35-44","From somewhere else in the UK","L23"
"2023/07/27 10:25:11 am CET","3","Yes","Quick witted and dry","Yes","Lifts the spirits ","25-34","Scouser","L9"
"2023/07/27 10:28:15 am CET","3","Yes","Tongue and cheek","Yes","Form a bond","35-44","From somewhere else in the UK","L25"
"2023/07/27 10:29:40 am CET","11","Yes","Lighthearted ","Yes","Brings people together, takes pressure off and relieves anxiety ","35-44","Northerner","CH66"
"2023/07/27 10:29:41 am CET","3","Yes","Observational","Yes","Lightens a dark situation ","45-54","Northwesterner","L17"
"2023/07/27 10:32:23 am CET","7","Yes","Slang words","Yes","Addresses the issue in an indirect way. The “elephant in the room”. .","35-44","Northerner","L17"
"2023/07/27 10:34:09 am CET","3","Yes","Cheeky!","Yes","Distracts from stress","35-44","Northerner","SK7"
"2023/07/27 10:34:22 am CET","5","Yes","The sharper banter/ risky jokes","Yes","By making people laugh and smile it can stop them thinking negatively ","19-24","From somewhere else in the UK","Td"
"2023/07/27 10:34:33 am CET","5","Yes","Regional humour ","Yes","It can make it less harsh when dressed up in dark
Humour ","25-34","From somewhere else in the UK","Al2"
"2023/07/27 10:35:04 am CET","5","Yes","Certain phrases that only people in Liverpool will understand","Yes","It takes away some of the pressure and intensity and allows people to not tread on eggshells when talking to you about difficult topics","19-24","Northerner","L35"
"2023/07/27 10:35:49 am CET","5","No","No","Yes","Gives light to a situation ","25-34","Northerner","LN1 "
"2023/07/27 10:36:02 am CET","5","Yes","The outcome of a joke","Yes","Makes people laugh","19-24","Scouser","L9"
"2023/07/27 10:36:07 am CET","3","Yes","Not afraid to mae fun of ourselves but nobody else can!","Yes","Releasescendorphined","45-54","Scouser","L9"
"2023/07/27 10:36:07 am CET","9","Yes","The supervisors of the city ","Yes",".","45-54","Scouser","L5"
"2023/07/27 10:36:39 am CET","5","Yes","No","Yes","Laughter is always just nice ","25-34","Scouser","L35"
"2023/07/27 10:36:41 am CET","5","Yes","Na ","Yes","Can add a layer of sparkle to the trauma ","25-34","Northerner","L35"
"2023/07/27 10:36:50 am CET","5","Maybe","no","Yes","makes you feel better","19-24","From somewhere else in the UK","E17"
"2023/07/27 10:37:08 am CET","3","Yes","Rude","Yes","Connects people ","35-44","Northerner","L17"
"2023/07/27 10:38:09 am CET","11","No","They’re not as funny as they think they are ","Yes","Alleviates the situation ","19-24","From somewhere else in the UK","B65"
"2023/07/27 10:38:33 am CET","5","Yes","Liverpool has its own culture ","Yes","Brings light to some of the darkest situations ","19-24","Scouser","L36"
"2023/07/27 10:38:37 am CET","11","Yes","Helped through tough times ","Yes","Lightens the mood ","45-54","Merseysider","L35"
"2023/07/27 10:39:09 am CET","6","Yes","Cheeky","Yes","Lightens mood, gives some perspective","35-44","From somewhere else in the UK","L12"
"2023/07/27 10:40:00 am CET","11","Yes","people are funnier","Yes","it helps people get away from their thoughts","19-24","Merseysider","CH63"
"2023/07/27 10:40:33 am CET","5","Yes","The strong use of accent, local dialect and use of metaphors ","Yes","A way to cope with different experiences making light of tragedy and sad times ","19-24","From somewhere else in the UK","KY15 "
"2023/07/27 10:40:35 am CET","11","Yes","It’s witty and thought provoking ","Yes","By allowing you to consider other things and brighten the mood ","Prefer not to say","Northerner","Ch"
"2023/07/27 10:41:08 am CET","6","Yes","The accent ","Yes","Brings out laughter and joy in people","35-44","Scouser","L8"
"2023/07/27 10:41:09 am CET","6","Yes","The accent ","Maybe","Depends on how said person reacts and feels afterwards ","25-34","Merseysider","L 17"
"2023/07/27 10:41:20 am CET","11","Yes","Can laugh at anything ","Yes","Brighten up your day","25-34","Merseysider","CH64"
"2023/07/27 10:42:55 am CET","5","Yes","Friendly people who enjoy a good laugh and making other people feel at ease","Yes","Can make people feel at ease and more comfortable in difficult situations ","55-64","Scouser","L32"
"2023/07/27 10:43:07 am CET","5","Yes","No ","Maybe","Can take your mind off things, but other times can be less helpful ","19-24","Scouser","L9"
"2023/07/27 10:44:03 am CET","11","No"," No","Yes","Make light of the situation","19-24","Scouser","L21"
"2023/07/27 10:44:57 am CET","4","Yes","The language ","Yes","Makes you happier","25-34","Scouser","L4"
"2023/07/27 10:45:10 am CET","4","No","No","Yes","Gives a common bond","45-54","Northerner","L39"
"2023/07/27 10:45:51 am CET","5","Yes","It’s funnier","Yes","Can cheer people up","19-24","Scouser","L11"
"2023/07/27 10:46:31 am CET","4","Maybe","Trying to understand what they’re saying","Yes","Bringing a smile to a face always make people feel happier ","25-34","From somewhere else in the UK","L17"
"2023/07/27 10:46:41 am CET","9","Yes","The banter is different way . We are different level ","Yes","Takes your mind off everything else. Refocus on everything else. ","45-54","Scouser","L34"
"2023/07/27 10:46:44 am CET","11","Yes","Don't take everything to serious ","Yes","Try to make them laugh to help forget or see the funny side of the experience ","35-44","Scouser","L8"
"2023/07/27 10:47:18 am CET","4","No","N/A","Yes","Cheers people up ","35-44","Scouser","L8 "
"2023/07/27 10:48:11 am CET","5","Yes","The accent and how deadpan it can be","Yes","It helps distract ","25-34","From somewhere else in the UK","TN12"
"2023/07/27 10:48:47 am CET","10","Yes","Families","Yes","Escapism ","55-64","Scouser","L10"
"2023/07/27 10:48:50 am CET","10","Yes","The way they tell them ","Yes","Laughter makes you feel good ","55-64","Scouser","L10"
"2023/07/27 10:49:15 am CET","4","Yes","The delivery. ","Yes","Distracts from reality. ","25-34","From somewhere else in the UK","L21"
"2023/07/27 10:49:53 am CET","10","Yes","Based on real life","Yes","Laughter is the best medicine","25-34","Scouser",""
"2023/07/27 10:51:40 am CET","4","Maybe","Not really","Yes","humour can take your mind off other things going on. ","35-44","Northerner","L23"
"2023/07/27 10:52:28 am CET","10","Yes","N/a","Yes","I feel humour can change moods and most of the time make someone happy or laugh this may help through difficult times ","19-24","Scouser","L10 "
"2023/07/27 10:52:40 am CET","10","Yes","Taking the mick out of people ","Yes","Lightens the mood, makes you feel better about situations ","25-34","Scouser","L10"
"2023/07/27 10:52:49 am CET","10","Yes","No","Yes","Makes them feel good and happy ","19-24","Scouser","L22"
"2023/07/27 10:53:43 am CET","10","Yes","different ","Yes","Cheers them up","25-34","Scouser","L20"
"2023/07/27 10:54:33 am CET","5","Yes","No one can understand us","Yes","Make them feel better","19-24","Scouser","L22"
"2023/07/27 10:54:40 am CET","10","Yes","Sense of city pride ","Yes","Distraction","35-44","From somewhere else in the UK","L37"
"2023/07/27 10:55:10 am CET","10","Yes","Fun and unique.","Yes","It's a distraction and relief from difficult experiences.","25-34","From somewhere else in the UK",""
"2023/07/27 10:55:36 am CET","4","Maybe","Not really ","Maybe","Cheers you up","35-44","Scouser","L13"
"2023/07/27 10:56:01 am CET","10","Yes","No","Yes","No","55-64","Scouser","I22"
"2023/07/27 10:56:27 am CET","6","Yes","The people","Yes","Help mental health","55-64","Scouser","L8"
"2023/07/27 10:56:38 am CET","10","Yes","I think that it’s a very niche type of comedy that only scousers understand and that’s what makes it so special","Yes","Yes for sure, when you’re feeling down or going through something, someone making you smile or laugh can lighten your day up even in the slightest and takes your mind off things","19-24","Northwesterner","L39"
"2023/07/27 10:59:11 am CET","11","Yes","The way it is said in the accent and how it sounds","Yes","Helps break that tension/awkwardness and see a funny side of it, although not all situations are funny or can be made fun of ","25-34","Merseysider","Ch62"
"2023/07/27 10:59:21 am CET","10","Yes","Rude, explicit language, unapologetic","Yes","Humour is uplifting, releases, happy hormones in the body, ","35-44","From somewhere else in the UK","Ct14"
"2023/07/27 11:00:57 am CET","1","Maybe","No","Yes","Distraction ","25-34","From somewhere else in the UK","L18"
"2023/07/27 11:04:48 am CET","6","No","Not really ","Yes","It's good for your mental health ","19-24","From somewhere else in the UK","CV3"
"2023/07/27 11:05:17 am CET","6","Maybe","It has its own uniqueness’s ","Yes","If your laughing you have less time to be sad","19-24","Merseysider","L11"
"2023/07/27 11:05:48 am CET","6","Yes","Down to earth ","Yes","Keeps your mind off problems ","35-44","Merseysider","L18"
"2023/07/27 11:05:57 am CET","4","Yes","People from other places, have different accents, but we dont always know where they are from. However, when you hear a scouser, people straight away know they come from Liverpool. ","Yes","Scouse humour has a way of calming serious situations. ","25-34","Scouser","L4"
"2023/07/27 11:06:08 am CET","6","Yes","Because scousers are boss ","Yes","It's funny ","19-24","Scouser","L7"
"2023/07/27 11:06:13 am CET","10","Yes","Quick witted and increasingly louder the more they find the joke/statement funny. ","Yes","Diffuse tension ","25-34","Northerner","L15"
"2023/07/27 11:07:00 am CET","6","Yes","The people ","Yes","It can cheer someone up no matter how there day has been ","45-54","Northerner","M1"
"2023/07/27 11:07:12 am CET","14","Yes","Can laugh at self ","Maybe","Lift the mood ","25-34","Scouser","L12"
"2023/07/27 11:08:58 am CET","6","No","It feels the same for me","Yes","Helps to bring there mood up","25-34","Northerner","PR8"
"2023/07/27 11:09:18 am CET","11","Yes","Cheekiness ","Yes","Breaks tension and awkward situations ","35-44","Northerner","PR6"
"2023/07/27 11:09:33 am CET","5","Yes","The pronunciation of certain words","Yes","In a way, it can go as far as lightening up people, even a few seconds","19-24","From somewhere else in the UK","PE14"
"2023/07/27 11:09:44 am CET","10","Yes","Individual sense of humour like nowhere else, can make a joke out of anything ","Yes","Make light of a bad situation by bringing a smile to people’s faces ","35-44","Scouser","L20 "
"2023/07/27 11:09:53 am CET","7","Yes","We have our own personality distinct to our city","Maybe","Depends on the situation or person but that release of serotonin lifts your mood","35-44","Scouser","L30"
"2023/07/27 11:10:03 am CET","11","Yes","Quick wit","Yes","Laughter is medicine, it brings people closer to the truth and truth is everything. ","25-34","Scouser","L25"
"2023/07/27 11:10:04 am CET","5","Yes","The slang words ","Yes","Makes things seem lighthearted","19-24","Scouser","L4 "
"2023/07/27 11:11:17 am CET","6","Yes","Good humoured ","Yes","Relaxes people ","55-64","Northwesterner","Ch47"
"2023/07/27 11:12:05 am CET","11","Yes","Straight to the point but kind","Yes","Helps to change mindset and take mind off things ","25-34","Merseysider","Ch62"
"2023/07/27 11:12:21 am CET","11","Maybe","Lots of laughter","Yes","It helps with adversity","55-64","International","L22"
"2023/07/27 11:12:48 am CET","6","Maybe","I think the accent makes it distinctive due to how hard it is to understand ","Maybe","It depends in how someone reacts to humour ","25-34","Scouser","L11"
"2023/07/27 11:13:23 am CET","5","Yes","You have to be scouse to understand it","Yes","Always looking on the lighter saide","65-74","Northerner","L23"
"2023/07/27 11:15:21 am CET","4","Yes","It is a sarcastic, funny humour.","Yes","It can help people forget for a while of the difficulties they are having.","35-44","Scouser","L4"
"2023/07/27 11:15:30 am CET","7","Maybe","No","Yes","Chatting interaction","55-64","From somewhere else in the UK",""
"2023/07/27 11:15:44 am CET","7","Yes","Self deprecation ","Yes","Talking and laughing helps","25-34","Scouser","L4"
"2023/07/27 11:17:42 am CET","7","Yes","Irish connection","Yes","Makes people around feel bettwr","65-74","International","L17"
"2023/07/27 11:19:33 am CET","1","Yes","The accent ","Yes","Laughing always helps and makes you feel better","25-34","Scouser","L7"
"2023/07/27 11:20:58 am CET","5","Yes","Dry humour","Yes","Can be a false high","45-54","Scouser","L22"
"2023/07/27 11:22:52 am CET","1","Yes","Sense of humour to live here","Yes","Better to see funny side of things","45-54","Scouser","L16"
"2023/07/27 11:27:35 am CET","9","Yes","Kind of characteristic ","Yes","Lightens your mood, makes your feel good ","45-54","Northwesterner","Ch4"
"2023/07/27 11:28:08 am CET","7","Yes","Use of words","Yes","Distraction ","19-24","Scouser","L10"
"2023/07/27 11:28:57 am CET","14","Yes","Quick wittwd","Yes","Makes it easier ","25-34","Scouser","L37"
"2023/07/27 11:29:22 am CET","9","Yes","Other regions don’t understand our humour ","Yes","Distraction","19-24","Scouser","L4"
"2023/07/27 11:30:07 am CET","9","Yes","Ita sarcaatic datk hunour.... nothinh is off limits ","Yes","Everything can be made into a joke ","25-34","Scouser","L14"
"2023/07/27 11:30:25 am CET","14","Yes","Quite jovial, will make fun of themselves and others but in a respectful way ","Yes","Can bring joy to people, help them move their mind away from being in a bad headspace even for a moment ","25-34","Northwesterner",""
"2023/07/27 11:30:41 am CET","14","Yes","Nope","Maybe","Depends on the situation ","25-34","Scouser","L12"
"2023/07/27 11:30:55 am CET","14","Yes","It’s terrible ","Yes","Can provide an Escape","25-34","From somewhere else in the UK","L37"
"2023/07/27 11:30:55 am CET","14","Yes","Dark","Yes","Takes your mind off of things","25-34","Northerner","M28"
"2023/07/27 11:31:03 am CET","14","Yes","I think that it can be a sarcastic dry sense of humour but also protective of Liverpool and others ","Maybe","I think it allows people to process in there own time","25-34","Scouser","L12 "
"2023/07/27 11:31:04 am CET","9","Yes","If you know you know","Yes","Lightens any mood","25-34","Scouser","L4"
"2023/07/27 11:31:24 am CET","9","Yes","Its fast quick witted off the cuff answers that makes it distinctive. ","Yes","You always feel better after a good laugh.","55-64","Scouser","L16"
"2023/07/27 11:31:52 am CET","9","Yes","Don't take things too seriously. ","Yes","Can be a distraction ","25-34","Scouser","L14"
"2023/07/27 11:32:53 am CET","9","Yes","Warped ","Yes","Enlighten things ","25-34","Scouser","L4"
"2023/07/27 11:33:15 am CET","7","Yes","Humour in accent","Yes","Laughing helps","55-64","Scouser","l14"
"2023/07/27 11:33:29 am CET","7","Yes","Good people, accepting","Yes","Gotta laugh","65-74","Merseysider","L25"
"2023/07/27 11:33:50 am CET","9","Yes","Sarcasm ","Yes","Laughing helps you heal ","25-34","Scouser","L5"
"2023/07/27 11:34:22 am CET","4","Yes","Recognise anywhere in the world ","Yes","It heals cures all sorts of things ","Prefer not to say","From somewhere else in the UK","L1"
"2023/07/27 11:34:38 am CET","6","Yes","It’s dry ","Yes","Relaxes, brings joy","35-44","From somewhere else in the UK","L7"
"2023/07/27 11:34:46 am CET","14","Yes","Quick an sharp","Yes","Laughter is an excellent coping mechanism ","35-44","Scouser","L17"
"2023/07/27 11:35:37 am CET","9","Yes","The style ","Yes","Turn sad situations around ","35-44","Scouser","L14 "
"2023/07/27 11:35:39 am CET","6","Yes","The people","Yes","Releases endorphins ","55-64","Scouser","L15"
"2023/07/27 11:35:42 am CET","9","Yes","Quirky accents","Yes","To lighten the mood","55-64","Scouser","L16"
"2023/07/27 11:36:31 am CET","7","No","Not really","Yes","Cheers people up ","19-24","Scouser","L24"
"2023/07/27 11:36:32 am CET","6","Maybe","History","Maybe","Makes you happier","19-24","From somewhere else in the UK","L2"
"2023/07/27 11:36:43 am CET","14","Yes","The accent","Maybe","Short bursts of enjoyment ","19-24","Northerner","L3"
"2023/07/27 11:37:56 am CET","6","Yes","It seem very incity types of jokes","Yes","Of course even if your upset a laugh will bring a smile out 😊","19-24","From somewhere else in the UK","LL11"
"2023/07/27 11:38:09 am CET","10","Yes","Accent, shared experiences or culture within Liverpool makes it unique","Yes","Provides a simple relief or escape from any problems or stresses, especially now it’s so easily accessible via social media/podcasts","19-24","Northwesterner","L39"
"2023/07/27 11:38:12 am CET","6","Yes","Down to earth ","Maybe","Makes you feel better ","25-34","Scouser","L25"
"2023/07/27 11:38:39 am CET","9","Yes","Different from everyone else ","Maybe"," Not at all times. But mostly yes, helps give light to a situation ","25-34","Scouser","L16"
"2023/07/27 11:39:25 am CET","5","Yes","so quick, sharp","Yes","Humour breaks the ice","35-44","Scouser","L33"
"2023/07/27 11:39:53 am CET","10","Yes","Quick and witty","Yes","Bit of fun can defuse a tense situation ","45-54","Scouser","L253sf "
"2023/07/27 11:40:02 am CET","14","Yes","It's vicious, and tends to use words in ways that aren't usually insults. E.g you crab/winnet/lizard/melt","Yes","It can be mild gallows humour that still lets you feel what your feeling, but can allow you to feel mild relief at a humour. it takes the edge off ","35-44","Scouser","L36"
"2023/07/27 11:41:27 am CET","14","Yes","We all seem to be on the same page. We can joke about stuff that someone for another part of the country wouldn't find funny ","Yes","It helps you get through a tough time. Joking about it can make it seem smaller ","25-34","Scouser","L34 2RP"
"2023/07/27 11:43:04 am CET","1","Yes","Sarcastic ","Yes","Lifts your mood sociable ","25-34","Northwesterner","Ch66"
"2023/07/27 11:43:19 am CET","1","Maybe","Working class humour","Yes","Laughing is contagious and brightens someone’s day. ","25-34","From somewhere else in the UK","L18 5HA"
"2023/07/27 11:43:30 am CET","7","Maybe","Not everyone gets it","Yes","A laugh can change your day completely ","35-44","Scouser","L30"
"2023/07/27 11:44:17 am CET","9","Yes","Na","Yes","Na","25-34","Scouser","L16"
"2023/07/27 11:45:31 am CET","1","Yes","Very dry/self-deprecating","Yes","It makes you process things easier and puts things in perspective!","35-44","Northerner","L18"
"2023/07/27 11:45:42 am CET","14","Yes","Quite dry","Yes","Laughter is the best medicine","35-44","Merseysider","CH44"
"2023/07/27 11:45:43 am CET","1","Yes","It is street level working class humour","Yes","Sometimes finding humour in the bleakest if times, helps you through difficultiea when you might want to just give up.","45-54","Northwesterner","WA8"
"2023/07/27 11:45:43 am CET","5","Maybe","No","Yes","Makes it less awkward ","25-34","From somewhere else in the UK","E15"
"2023/07/27 11:46:09 am CET","5","No","From sweden","Yes","Takes away drama around difficult experiences ","55-64","International","L35"
"2023/07/27 11:46:47 am CET","14","Yes","Generous but also quite cocky","Yes","Helps to lighten a particularly heavy situation. Helps to contextualise things a little ","35-44","Scouser","L3"
"2023/07/27 11:47:28 am CET","11","Yes","There’s a lot of “inside” jokes and lingo that makes it almost an exclusive humor. Think Purple Aki","Yes","Laughter cures most things","25-34","International","L22"
"2023/07/27 11:47:29 am CET","1","Maybe","Bold and straightforward ","Yes","Learning to laugh at yourself and situations you find yourself in help build resilience and keep matters in perspective.","35-44","Northwesterner","L2"
"2023/07/27 11:47:35 am CET","14","Yes","Cutting but warm","Yes","If you’re struggling and someone tries to make you smile, it shows they care. ","35-44","Scouser","L16"
"2023/07/27 11:47:47 am CET","1","Yes","The accent makes everything funnier! ","Yes","Relaxes you, puts you at ease","25-34","Scouser","L31"
"2023/07/27 11:47:49 am CET","11","Yes","Quick witted","Yes","Increases serotonin","35-44","Scouser","L11"
"2023/07/27 11:48:13 am CET","1","Yes","Sarcastic ","Yes","Lifts your mood sociable ","25-34","Northwesterner","Ch66"
"2023/07/27 11:48:17 am CET","14","Yes","Crude and to the point","Yes","Takes them away from the moment","25-34","Northerner","L35"
"2023/07/27 11:49:17 am CET","1","Yes","Similar to Irish","Yes","Laughing helps people relax","35-44","Scouser","L15"
"2023/07/27 11:50:58 am CET","14","Yes","Observational","Yes","Some nights have a crap night at work listening to comedy helos","45-54","From somewhere else in the UK","FK5"
"2023/07/27 11:51:06 am CET","7","Yes","Self deprecating ","Yes","If don’t laugh will cry","65-74","Scouser","L19"
"2023/07/27 11:51:11 am CET","7","Yes","Self deprecating","Yes","Light side is brighter","65-74","Northwesterner","L26"
"2023/07/27 11:51:20 am CET","10","Yes","The vibes","Yes","Laughter is the best medicine ","25-34","Scouser","L22"
"2023/07/27 11:51:22 am CET","1","Yes","Nope","Yes","N/a","45-54","From somewhere else in the UK","L31"
"2023/07/27 11:51:37 am CET","14","Yes","N","Yes","N","19-24","Scouser","L8"
"2023/07/27 11:51:53 am CET","14","Yes","Very quick to take the piss out of someone or a situation but also equally self-deprecating ","Yes","Momentarily reminds them it's OK to smile/laugh if they're in difficult situations","35-44","International","L18 "
"2023/07/27 11:51:57 am CET","3","Yes","Down to earth","Yes","Makes you happy","55-64","Scouser","L8"
"2023/07/27 11:52:33 am CET","9","Yes","It’s unique ","Yes","It can lighten the mood if people ware nervous or tense","25-34","Scouser","L16"
"2023/07/27 11:52:42 am CET","9","Yes","No","Yes","It can make a difficult experience more light hearted ","25-34","Scouser","L10"
"2023/07/27 11:54:19 am CET","10","Yes","So quick and mostly laughing at yourself","Yes","Seeing a crisis from a different perspective ","55-64","Northerner","L39"
"2023/07/27 11:55:22 am CET","7","Maybe","No","Yes","Helps move on","19-24","International","L7"
"2023/07/27 11:55:43 am CET","7","No","Nothing","Yes","Making light","19-24","International","L7"
"2023/07/27 11:55:50 am CET","14","Yes","Blunt punchlines","Yes","Lightens the mood","25-34","Scouser","L36"
"2023/07/27 11:56:20 am CET","9","Yes","The language used ","Yes","Humour can change the situation from something serious to enjoyable ","25-34","Scouser","L14"
"2023/07/27 11:57:42 am CET","3","Yes","Warm and personal","Yes","Lifts you up ","35-44","From somewhere else in the UK","L17"
"2023/07/27 12:00:43 pm CET","1","Yes","Light hearted and not taking themselves too seriously","Yes","Things seem easier to deal with if you can laugh at the situation. Puts it into perspective and makes it seem less serious.","25-34","From somewhere else in the UK","L18"
"2023/07/27 12:01:35 pm CET","9","Yes","It’s situational ","Yes","Can help people feel less alone ","35-44","From somewhere else in the UK","Wa10"
"2023/07/27 12:02:11 pm CET","14","Yes","The willingness to take the mick out of oneself ","Yes","Form of release from the stresses of day to day life","25-34","Merseysider","Wa2"
"2023/07/27 12:04:23 pm CET","1","Maybe","They can't help themselves. ","Yes","You're less likely to get punched by someone who is laughing at your joke","55-64","From somewhere else in the UK","L25 "
"2023/07/27 12:07:00 pm CET","14","Yes","Uses offensive language as terms of endearment ","Yes","Common situations made light of can be freeing of perceived guilt / loneliness etc ","35-44","Merseysider","Wa10"
"2023/07/27 12:07:03 pm CET","1","Yes","No","Yes","Cheers people up just the way we are ","55-64","Scouser","L12"
"2023/07/27 12:09:17 pm CET","14","Yes","Its insulting but in a good way","Yes","I find gallows humour healing ","25-34","Scouser","L36"
"2023/07/27 12:09:52 pm CET","10","Yes","We can have a laugh even in sad situations","Yes","Laughter reminds us things can get better","55-64","Scouser","L30"
"2023/07/27 12:10:46 pm CET","1","Yes","Quick wit","Yes","Diffuses tension and diverts focus","55-64","Scouser","L31"
"2023/07/27 12:11:16 pm CET","10","Maybe","I think scouse humour is somewhat similar to other northern cities/areas, but scouse humour tends to be more off the cuff and quick-witted.","Yes","I think that seeing a more humorous side to a situation can help someone deal with a potentially difficult experience.","25-34","Northerner","L8"
"2023/07/27 12:14:06 pm CET","9","Yes","Accent and the people","Yes","Lifts the mood and releases happy stuff","35-44","Merseysider","L20"
"2023/07/27 12:14:31 pm CET","9","Yes","Every one has a cheeky side!","Yes","Offers relief or a release in stressful situations.","35-44","Scouser","L15"
"2023/07/27 12:14:46 pm CET","14","Yes","Dark jokes with a forgiving nature.","Yes","Making people smile and laugh releases tension and anxiety. ","35-44","Scouser","L31"
"2023/07/27 12:16:12 pm CET","9","Yes","You can be sitting in a pub and within 5 mins your talking to a stranger. People are friendly and so easy to get on with","Yes","It releases negative thoughts if your happy then everyone around you feels the vibes","45-54","Scouser","L8"
"2023/07/27 12:16:30 pm CET","9","Yes","Funniest chaps In the world ","Yes","Gives you a release like no other ","25-34","Scouser","L16"
"2023/07/27 12:16:52 pm CET","9","Yes","The people","Yes","Relaxes people and helps them forget their worries and troubles ","35-44","Scouser","L31"
"2023/07/27 12:17:57 pm CET","14","Yes","Local dialect","Yes","Laughter gets endorphins going","55-64","From somewhere else in the UK","RM17"
"2023/07/27 12:18:00 pm CET","9","Yes","No","Yes","Makes people happy","35-44","International","L32"
"2023/07/27 12:18:21 pm CET","10","Yes","Very quick ","Yes","It can make you feel better, the situation is taken seriously, try to always make someone feel upbeat ","45-54","Scouser","L25"
"2023/07/27 12:23:41 pm CET","7","Yes","Give stick to each other","Yes","Changes mood","35-44","Scouser","L12"
"2023/07/27 12:24:09 pm CET","7","Yes","No","Yes","Laughter","19-24","International","Ireland"
"2023/07/27 12:24:20 pm CET","7","Maybe","Leave me alone","Maybe","Stop following me","Prefer not to say","From somewhere else in the UK","I'm not joking"
"2023/07/27 12:25:56 pm CET","10","Yes","The tone ","Yes","Helps with depression and anxiety ","25-34","Scouser","L22"
"2023/07/27 12:28:18 pm CET","7","Yes","Mix of people and tough life","Yes","Laughing better than crying ","55-64","Scouser","L4"
"2023/07/27 12:30:28 pm CET","1","Yes","Sarcastic ","Yes","Can reduce  awkwardness ","45-54","Scouser","L21"
"2023/07/27 12:34:11 pm CET","10","Yes","Unsure","Yes","It just does","19-24","Scouser","L22"
"2023/07/27 12:38:27 pm CET","10","Yes","The accent ","Yes","Bringing the brighter side out of the situation ❤️","19-24","Scouser","L30 "
"2023/07/27 12:39:11 pm CET","11","Yes","It’s insult comedy at its best ","Yes","Laughing about it let’s you heal quicker than crying ","25-34","International","L22"
"2023/07/27 12:39:35 pm CET","1","Yes","Dry wit","Yes","Everyone likes to laugh","65-74","Merseysider","WA 10 3 sa"
"2023/07/27 12:42:50 pm CET","5","Yes","The accent","Yes","Makes people laugh","19-24","Merseysider","L34"
"2023/07/27 12:45:50 pm CET","14","Yes","Mix of cultures","Yes","Distracts you ","35-44","Merseysider","L3"
"2023/07/27 12:46:36 pm CET","14","Yes","Real sarcastic relatable","Yes","Gets you talking opening up ","25-34","Scouser","L28"
"2023/07/27 12:49:27 pm CET","14","Yes","Amazing","Yes","Lighten ups a situation","55-64","Scouser","L13"
"2023/07/27 12:50:38 pm CET","3","Yes","Close to the bone","Yes","Takes your mind off","19-24","Scouser","L3"
"2023/07/27 12:50:55 pm CET","9","Maybe","the accent","Maybe","Being able to laugh during all the uncertainty and loss, creates a powerful mental health ‘safety net’ that helps to cultivate resilience and courage","25-34","Northwesterner","L8"
"2023/07/27 12:51:06 pm CET","14","Yes","Quick wit","Yes","Relieves tension","55-64","Scouser","L21"
"2023/07/27 12:51:35 pm CET","7","Yes","Witty along with accent","Yes","Improves mood something different to think about","19-24","Merseysider","WA9"
"2023/07/27 12:51:43 pm CET","2","Maybe","No ","Yes","Having a sense of humour helps you feel better","35-44","Northwesterner","CH3"
"2023/07/27 12:51:57 pm CET","3","Yes","Close to home","Yes","Brings people together","65-74","Scouser","L25"
"2023/07/27 12:52:06 pm CET","9","Yes","Just a different breed arent we ","Yes","Gives you life! ","19-24","Scouser","L4"
"2023/07/27 12:52:34 pm CET","9","Yes","People","Yes","Make them feel better","45-54","Scouser","L12"
"2023/07/27 12:52:34 pm CET","2","Yes","Very dry","Yes","Give people enjoyment","35-44","Northwesterner","CH62"
"2023/07/27 12:52:59 pm CET","9","Yes","Funny people ","Yes","Releases positive thoughts","35-44","Merseysider","L20 "
"2023/07/27 12:53:22 pm CET","2","Yes","Sarcastic","Yes","Make them feel better about life","25-34","Scouser","L25"
"2023/07/27 12:53:55 pm CET","9","Yes","The people and culture of Liverpool make the humour different to any other place ","Yes","Laughter is bonding. If you can laugh with a stranger you can laugh with anyone ","45-54","Scouser","L17"
"2023/07/27 12:54:08 pm CET","10","Yes","Its just pure banter ","Yes","Gets you out of a dark place ","25-34","Scouser","L4"
"2023/07/27 12:54:23 pm CET","2","Yes","Sarcastic","Yes","Makes things light hearted and don’t take things too seriously","25-34","Scouser","L1"
"2023/07/27 12:54:36 pm CET","10","Yes","One of a kind","Yes","Warm and positive ","35-44","Scouser",""
"2023/07/27 12:54:46 pm CET","10","Yes","It’s timeless","Maybe","Can help sometimes - if you don’t laugh you’ll cry ","55-64","Merseysider",""
"2023/07/27 12:55:01 pm CET","14","Maybe","-","Yes","Lightens the mood and laughter produces chemical reactions that make you feel good. ","35-44","International","-"
"2023/07/27 12:55:13 pm CET","10","Yes","The accent makes anything funnier","Yes","A scouser can make anyone laugh ","35-44","Scouser","L11"
"2023/07/27 12:55:56 pm CET","2","Yes","Distinctive in what you can / can’t joke about ","Yes","Help you overcome and see things in different lights. Move past hard times.","25-34","Northwesterner","L3"
"2023/07/27 12:56:19 pm CET","10","Yes","The people ","Yes","Nothing better than a good laugh ","19-24","Scouser","L18"
"2023/07/27 12:56:20 pm CET","9","Yes","Quick witted friendly ","Yes","Helps release negative thoughts ","35-44","Scouser","L7"
"2023/07/27 12:56:43 pm CET","2","Yes","Very dry","Yes","Makes things lighthearted ","35-44","Northerner","CH40"
"2023/07/27 12:56:53 pm CET","10","Yes","Dry infectious fun and always happy ","Yes","Brings people our of shell into more relaxed environment ","45-54","Scouser","L39"
"2023/07/27 12:57:48 pm CET","9","Yes","Dry","Yes","Good endorphins ","25-34","Scouser","L4"
"2023/07/27 12:58:07 pm CET","10","Yes","Its part of our identity ","Yes","It brings everyone together","19-24","Scouser",""
"2023/07/27 12:58:11 pm CET","2","Yes","Quite cutting ","Yes","Give you a bit of pep ","35-44","Scouser","L18"
"2023/07/27 12:58:50 pm CET","10","Yes","Quick wit","Yes","It can turn a heavy situation into something more easier to cope with","25-34","Northwesterner","L39"
"2023/07/27 12:59:20 pm CET","2","Yes","Very dry ","Yes","Makes people smile and be happy","45-54","International","L9"
"2023/07/27 1:00:43 pm CET","2","Yes","Doesn’t take itself too seriously ","Yes","Makes people look on the bright side of life ","25-34","From somewhere else in the UK","CH41"
"2023/07/27 1:00:47 pm CET","5","Yes","Able to have a laugh at each other","Yes","Brighten ppls day up","45-54","Northerner","L15"
"2023/07/27 1:00:53 pm CET","10","Maybe","The accent or reference to places/people within Liverpool ","Yes","It's a form of escapism.  Takes you temporarily away from that difficult experience.  Lightens the mood","45-54","Scouser","L18"
"2023/07/27 1:01:45 pm CET","2","Yes","Dry and witty","Yes","Helps people relax and cheers them up ","45-54","Northerner","PR8"
"2023/07/27 1:02:09 pm CET","14","Yes","The accent","Yes","Cheers them up","25-34","From somewhere else in the UK","DY11"
"2023/07/27 1:02:12 pm CET","14","Yes","Sarcasm ","Yes","Takes your mind off yt","35-44","From somewhere else in the UK","Ox44"
"2023/07/27 1:02:44 pm CET","2","Maybe","No","Yes","Laughing is better than crying ","45-54","Northerner","L3"
"2023/07/27 1:02:53 pm CET","5","Yes","It's brutally honest ","Yes","Takes your mind off your problems ","25-34","Merseysider","Ch45"
"2023/07/27 1:04:11 pm CET","14","Yes","Observational ","Yes","Takes you out of yourself ","55-64","Merseysider","WA10"
"2023/07/27 1:04:55 pm CET","10","Yes","Our sarcastic nature in humour","Yes","It can diffuse a difficult situation ","55-64","Scouser","L22"
"2023/07/27 1:05:05 pm CET","2","Yes","Quick and easy to take the mic out of each other ","Yes","Ricky gervais said if you laugh at horrible things it makes it seem less horrible ","25-34","Scouser","L21"
"2023/07/27 1:06:06 pm CET","5","Yes","Dry sense of humour ","Yes","You forget for a few minutes about, difficult experiences ","35-44","Scouser","L15"
"2023/07/27 1:07:13 pm CET","10","Maybe","Not sure","Yes","Makes people come together","65-74","Scouser","L22"
"2023/07/27 1:07:22 pm CET","5","Yes","One liners","Yes","Breaks up the day ","Under 18","Scouser","L15"
"2023/07/27 1:07:56 pm CET","10","Yes","The ability to laugh at each other ","Yes","Makes people happier ","25-34","Scouser","L12 "
"2023/07/27 1:07:56 pm CET","3","Yes","All scousers are funny","Yes","Good for mental health","25-34","Scouser","L17"
"2023/07/27 1:08:26 pm CET","5","Yes","Always have a come back","Yes","Laughter is the best medicine ","Under 18","Scouser","L15"
"2023/07/27 1:08:27 pm CET","14","Yes","Witty characters, offensive humour","Yes","Makes light of a situation helps you relate","35-44","Scouser","L12"
"2023/07/27 1:09:04 pm CET","3","Yes","Scousers are just funny","Yes","Lifts the mood","35-44","Northwesterner","L15"
"2023/07/27 1:09:09 pm CET","10","Yes","Feeling of relatability and down to earth","Yes","A form of stress reliever, releases endorphins","25-34","Northwesterner","MK11"
"2023/07/27 1:09:29 pm CET","5","Yes","Always up for a laugh ","Maybe","Breaks the ice sometimes ","Under 18","Scouser","L15"
"2023/07/27 1:09:54 pm CET","1","Yes","It is very unique in terms of only people around the area will understand ","Yes","It makes you laugh to boost your mood","19-24","Merseysider","L39"
"2023/07/27 1:10:40 pm CET","5","Yes","G4eat punch lines","Yes","Helps remembering this person ","Under 18","Scouser","L15"
"2023/07/27 1:12:37 pm CET","14","Maybe","Other northern places have similar humour too ","Yes","Laughs and can create a bond","19-24","Scouser","L16"
"2023/07/27 1:12:46 pm CET","14","No","No","Yes","You can laugh about a bad situation","25-34","Scouser","L3"
"2023/07/27 1:13:11 pm CET","1","No","It is northern humour","Yes","It sometimes helps to lighten the situation ","65-74","Northerner","296"
"2023/07/27 1:13:12 pm CET","14","Yes","The quickness of the come backs in conversation ","Yes","Laughter is better than no humour ","45-54","Northwesterner","WN40DJ "
"2023/07/27 1:13:38 pm CET","10","No","I don’t think it is distinctive. I have worked with people from around the UK sand find most share the same sense of humour.","Yes","Helps relax people and hopefully open up conversations.","55-64","Northwesterner","L39"
"2023/07/27 1:13:52 pm CET","14","Yes","Famous across the country to be witty ","Yes","How you relate to people","45-54","From somewhere else in the UK","Ox5"
"2023/07/27 1:13:56 pm CET","10","Maybe",". ","Yes","Cheers people up. Shows that others may have had the same experiences. ","45-54","Merseysider","L39"
"2023/07/27 1:14:32 pm CET","10","Yes","Down to earth","Yes","It shows your not alone","55-64","From somewhere else in the UK","Ch42"
"2023/07/27 1:14:51 pm CET","5","Yes","The dryness","Yes","Breaks the ice","35-44","From somewhere else in the UK","BT13"
"2023/07/27 1:15:41 pm CET","14","Yes","Everything said is done in gest, not nastiness or disrespectfully","Yes","It helps me to see the brighter side of life","35-44","Merseysider","Wn6"
"2023/07/27 1:16:20 pm CET","14","Yes","Not easily offended. Predominantly working class, no entitlement","Yes","Eases tension. ","35-44","Scouser","L38"
"2023/07/27 1:16:39 pm CET","6","Yes","The accent ","Yes","Mentally ","25-34","Scouser","L24 "
"2023/07/27 1:16:42 pm CET","5","Yes","Scousers almost have their own language. Scouse humour is like an exclusive club you only get to be a part of if you understand our language.","Yes","Humour provides an escapism for people going through a difficult time. It take you out of your feelings and allows you be free of worry for a while.","19-24","Scouser","L35"
"2023/07/27 1:17:01 pm CET","5","Yes","fast paced","Yes","Ice breaking","35-44","Northerner","pr8"
"2023/07/27 1:17:10 pm CET","14","Yes","One of a kind not too serious no topic off limits ","Yes","Just always helps","35-44","Scouser","L10"
"2023/07/27 1:17:14 pm CET","6","Maybe","Tough times","Yes","Yes ","25-34","International",""
"2023/07/27 1:17:55 pm CET","14","Maybe","Not sure ","Yes","It is what allows you to get through your pain ","25-34","International",""
"2023/07/27 1:18:03 pm CET","6","Maybe","Local","Yes","Feel good ","19-24","From somewhere else in the UK","M23"
"2023/07/27 1:18:21 pm CET","10","Yes","It's often the ability to think of a very quick funny response to everyday situations in a non threatening or rude way   ","Yes","It can help those around you feel more comfortable to speak out and show how they feel ","55-64","Merseysider","CH63"
"2023/07/27 1:18:28 pm CET","10","Yes","They way they tell a joke","Yes","Can make someone laugh when there feeling down","35-44","Scouser","L14"
"2023/07/27 1:19:24 pm CET","14","Yes","The stories","Yes","Relieves tension","19-24","International","CZECH "
"2023/07/27 1:19:47 pm CET","10","Yes","Don’t take anything too seriously ","Yes","Laugh it off ","25-34","Scouser","L30"
"2023/07/27 1:20:01 pm CET","6","Yes","The  humour ","Yes","The accent ","55-64","Scouser","L19"
"2023/07/27 1:20:51 pm CET","1","Yes","Scousers can take a joke better than elsewhere ","Yes","Lightens up a bad situation ","25-34","Scouser","L23 "
"2023/07/27 1:21:16 pm CET","14","Yes","No","Yes","Makes you smile","45-54","Northwesterner","Wa10"
"2023/07/27 1:21:48 pm CET","14","Yes","Quick witted","Yes","Lifts the mood","55-64","Northerner","CW12"
"2023/07/27 1:22:23 pm CET","7","Yes","Quick funny humour","Yes","Mental health","35-44","Scouser","L31"
"2023/07/27 1:22:25 pm CET","5","Yes","Laughter","Yes","Makes people laugh","35-44","Scouser","L24"
"2023/07/27 1:22:30 pm CET","10","Yes","It can be offensive but friendly at the same time! And always delivered well, not cringey ","Yes","Lightens the mood, ","25-34","Scouser","L23"
"2023/07/27 1:23:20 pm CET","10","Yes","Cameraderie","Yes","Laughing helps you forget ","55-64","Scouser","L30"
"2023/07/27 1:23:41 pm CET","5","Yes","The peoples expressions","Yes","Improves moral","25-34","Scouser","L14"
"2023/07/27 1:23:58 pm CET","14","Yes","Just naturally funny","Yes","Because it's a happy emotion to bring you up ","35-44","Merseysider","L14"
"2023/07/27 1:24:19 pm CET","14","Yes","Right to the point and the accent","Yes","Deflects takes your mind of it","35-44","From somewhere else in the UK","BT66"
"2023/07/27 1:25:06 pm CET","1","Yes","Mickey taking, accent. Irish culture","Yes","Helps put things into perspective ","75-84","Scouser","L10"
"2023/07/27 1:25:44 pm CET","3","Yes","Relatable ","Yes","Takes your mind off ","45-54","Scouser","L20"
"2023/07/27 1:26:07 pm CET","10","Yes","The ability to be quick witted in a humorous way in everyday situations ","Yes","It can be used to diffuse certain confrontations, because it lightens the mood","55-64","Merseysider","CH63"
"2023/07/27 1:26:09 pm CET","5","Maybe","The accent ","Yes","Helps tense situations","25-34","Merseysider","L2"
"2023/07/27 1:27:42 pm CET","7","Yes","It stands out","Yes","Helps cope with stress and takes your mind off it abit ","19-24","Scouser","L9"
"2023/07/27 1:27:42 pm CET","9","Yes","Banter","Yes","Can make things a little lighter when someone is feeling dark or low","25-34","Scouser","L20"
"2023/07/27 1:28:36 pm CET","14","Yes","Honest down to earth people from mixed cultural backgrounds","Yes","Laughter releases endorphins, reduces stress and makes you forget about the worries","45-54","Merseysider","L23"
"2023/07/27 1:29:45 pm CET","14","Yes","No","Yes","Laughter is good for you ","55-64","Northerner","Ch41"
"2023/07/27 1:29:48 pm CET","14","Yes","The accent ","Yes","Gives you a lift helps you through a bad day","55-64","From somewhere else in the UK","LN8"
"2023/07/27 1:30:45 pm CET","9","Yes","We’re so quick with a witty reply ","Yes","Cheer them up if they’re feeling low ","55-64","Scouser","L12 6rq"
"2023/07/27 1:31:04 pm CET","14","Yes","I always find humor to be a huge part of getting through tough times. Humor in a spouse was always one thing I looked for. ","Yes","Laughter can help get you through tough times. ","25-34","International","49456"
"2023/07/27 1:31:27 pm CET","5","Maybe","Orange tan based humour","Yes","Jokes break up tension and put people at ease","35-44","Merseysider","CH"
"2023/07/27 1:35:45 pm CET","14","Yes","The accent","Yes","The medicine of life","35-44","Scouser","L7"
"2023/07/27 1:35:58 pm CET","14","Yes","Candour, sarcasm, intellectual wit, tongue in cheek","Yes","It can be a much need distraction from difficult experiences. Laughter increases oxygen intake, engages lungs and muscles, releases endorphins by brain resulting in a laughter/endorphin cycle. The more you laugh the happier you become.","35-44","Merseysider","L32"
"2023/07/27 1:37:53 pm CET","14","Maybe","Quick witted no subject off limits","No","Takes mind off it","45-54","Scouser","L22"
"2023/07/27 1:38:04 pm CET","5","No","No","Yes","Brings a lighter side to difficult moments. ","25-34","International","CH60"
"2023/07/27 1:41:53 pm CET","10","Yes","Scousers ability to overcome adversity ","Yes","Allows people to open up ","55-64","Scouser","L25"
"2023/07/27 1:41:59 pm CET","14","Yes","Quick fast Whitby on the ball rhetorical","Yes","Humour helps your mind set endorphines","55-64","Merseysider","WA12"
"2023/07/27 1:44:52 pm CET","7","Yes","Quick wit","Yes","Sensible advise in a humorous way","65-74","Merseysider","L31"
"2023/07/27 1:48:31 pm CET","14","No","The attitude and sass","Maybe","Depends on the severity","25-34","Scouser","L21"
"2023/07/27 1:49:31 pm CET","10","Yes","The irony and the sarcasm","Yes","It helps lift the mood","75-84","Merseysider","L39"
"2023/07/27 1:49:47 pm CET","9","Yes","Liverpool is unique city and the people are different to the rest of the country ","No","It can only cover up the real problem and the problem will never be solved","25-34","Scouser","L33 "
"2023/07/27 1:51:02 pm CET","1","Yes","We don’t take ourselves seriously .","Yes","Relieves stress and anxiety’s ","45-54","Scouser","L14"
"2023/07/27 1:54:49 pm CET","1","Yes","Its quite dry, and Scousers aren't easily offended. ","Yes","I think because Scousers are so friendly and always make you feel welcome, it almost feels like they want you to be part of a family. So I think in difficult situations, they would never want to make anyone feel awkward/sad/offended so would maybe always use humour to make light of a difficult situation.","25-34","Scouser","L10"
"2023/07/27 1:55:49 pm CET","1","Yes","Because where funny","Yes","To laugh","25-34","Scouser","L19"
"2023/07/27 1:55:58 pm CET","6","Yes","No filter they just say it how it is ","Yes","Mentally ","65-74","Scouser","L8"
"2023/07/27 1:56:09 pm CET","6","Yes","The people ","Yes","Make a joke of it. ","25-34","Merseysider","L7"
"2023/07/27 1:56:18 pm CET","6","Yes","Scousers","Yes","Give you a laugh ","35-44","Scouser","L17"
"2023/07/27 1:56:53 pm CET","10","Yes","About scouse subjects","Yes","Helps you forget","35-44","Northwesterner","L37"
"2023/07/27 1:57:27 pm CET","7","Yes","Unique","Yes","Making the best out of the situation ","35-44","Merseysider","L31 "
"2023/07/27 1:59:53 pm CET","10","Maybe","No","Yes","Pick people up","25-34","Scouser","L30"
"2023/07/27 2:03:05 pm CET","5","Yes","The slang ","Maybe","It is easier to relate to people when you understand their dialect ","25-34","Northwesterner","L39"
"2023/07/27 2:05:45 pm CET","14","Yes","It’s abrasive but honest depicting real life situations","Yes","Instills happiness ","35-44","From somewhere else in the UK","Ba21"
"2023/07/27 2:09:24 pm CET","14","Yes","Yes","Maybe","Depends on the person. Some people would like the distraction but others might see it as belittling the problem.","35-44","Scouser","L25"
"2023/07/27 2:10:04 pm CET","9","Yes","Everyone is mad ","Yes","Releases endorphins ","35-44","Scouser","L3"
"2023/07/27 2:10:31 pm CET","9","Maybe","The people always seem up for a laugh","Yes","Laughter is the best medicine","45-54","From somewhere else in the UK","Sw16"
"2023/07/27 2:12:30 pm CET","10","Yes","The accent allows jokes that others wouldn't. ","Yes","Laughing makes you happy and that helps you forget even for a moment ","35-44","From somewhere else in the UK","Ct14"
"2023/07/27 2:12:54 pm CET","9","Yes","It’s a mix of dark and just plain taking the mick out of each other. It’s gets us through the hard times when it doesn’t feel like there’s anything to laugh at.","Yes","In the pits of despair, finding humour helps you through. ","35-44","Scouser","L12"
"2023/07/27 2:13:12 pm CET","14","No","Not heard much about it","Yes","Makes you feel good","65-74","From somewhere else in the UK","Glasgow"
"2023/07/27 2:14:34 pm CET","9","Yes","Dry sense of humour, honest and cut throat ","Yes","Smiling or laughing to brighten their mood ","25-34","Scouser","L19"
"2023/07/27 2:16:09 pm CET","10","Yes","Accent ","Yes","It can help develop resilience in tough times and reduce stress.","25-34","From somewhere else in the UK","CT7"
"2023/07/27 2:17:39 pm CET","14","Yes","The dialect","Yes","Lifts the moid","19-24","Scouser","L3"
"2023/07/27 2:19:16 pm CET","5","Yes","Language","Yes","Improve mood","35-44","Merseysider","L35"
"2023/07/27 2:20:06 pm CET","5","No","Nothing","No","Nothing","25-34","Scouser","L4"
"2023/07/27 2:20:30 pm CET","14","Yes","Dry, quick witted","Yes","It puts a lighter spin on a dark situation","35-44","From somewhere else in the UK","B42"
"2023/07/27 2:21:06 pm CET","5","Yes","Self deprecating ","Yes","Laughing is good for you","55-64","Scouser","L20"
"2023/07/27 2:22:25 pm CET","5","Yes","Sarcastic, dry sense of humour ","Yes","Smiling and laughing makes you feel better","55-64","Scouser","L30"
"2023/07/27 2:24:20 pm CET","14","Yes","No","Yes","Distracts them","19-24","Northwesterner","L39"
"2023/07/27 2:25:56 pm CET","14","Yes","If we don’t love it you will know it","Yes","Eases pain","19-24","Northerner","L1"
"2023/07/27 2:27:05 pm CET","14","No","No","Yes","Helps to drop stress levels","Prefer not to say","From somewhere else in the UK","CH4"
"2023/07/27 2:28:05 pm CET","14","Yes","High oitched","Yes","Lightens the mood and make you relaxed","19-24","Merseysider","CH42"
"2023/07/27 2:29:47 pm CET","7","Yes","Its quite dry, people aren't easily offended.","Yes","I think Scousers make everyone feel so welcome and are always really friendly. They always want to make everyone feel like part of the family and never want anyone to feel awkward, sad, or offended, so use humour to make light of difficult situations.","25-34","Scouser","L10"
"2023/07/27 2:38:12 pm CET","1","Yes","Sarcasm ","Maybe","Making people laugh reduces anxiety in the short term sense ","45-54","Scouser","L32"
"2023/07/27 2:46:42 pm CET","7","Yes","Just think we have a better sense of humour, and can laugh at things other people can’t.","Yes","Depends on the experience. If someone is nervous about something then I think making them laugh helps ease the nerves.","35-44","Scouser","L31"
"2023/07/27 2:47:42 pm CET","10","Yes","It’s funny","Yes","It’s funny","19-24","Scouser","L20"
"2023/07/27 2:50:47 pm CET","11","Maybe","Sarcasm","Yes","Makes light of a bad situation and helps improve mood","25-34","Scouser","L3"
"2023/07/27 2:53:48 pm CET","10","Maybe","I'm not sure it is distinctive ","Maybe","I answered Maybe ","55-64","Scouser","L13"
"2023/07/27 2:55:29 pm CET","10","Yes","Dry and sarcastic and never take anything to heart! Not afraid to make fun of themselves.","Yes","Sometimes you need a reason to laugh/smile.","25-34","Scouser","L18"
"2023/07/27 3:25:12 pm CET","14","No","N/A","Yes","Helps to distract a persons thoughts, to lighten the mood and to feel a relief that laughing provides","25-34","From somewhere else in the UK","BA22"
"2023/07/27 5:08:57 pm CET","10","No","The sharp, nails on a chalkboard, accent.","Yes","Humour, in turn laughing, naturally releases endorphins which is a chemical stress reliever within the body.","25-34","From somewhere else in the UK","CT14"
"2023/07/27 5:12:35 pm CET","10","Yes","The accent ","Yes","Lightens the mood","35-44","Scouser","L8"
"2023/07/27 5:13:37 pm CET","14","Yes","Sometimes sick and strange humour","Yes","Can make it light hearted ","55-64","Scouser","L31"
"2023/07/27 5:46:00 pm CET","9","Yes","Very quick witted","Yes","If your laughing your not crying ","45-54","Scouser","L35"
"2023/07/27 6:34:43 pm CET","10","Yes","Dry and fast","Yes","Defuses anxiety ","65-74","From somewhere else in the UK","L3"
"2023/07/27 6:54:35 pm CET","9","Yes","It's usually subtly rude, but in a way thats never taken as rude, its charming, and light hearted","Yes","Sometimes making jokes out of our difficulties in life helps us to look on the bright side. If we can laugh about it, it can't be that bad! ","25-34","Scouser","L12"
"2023/07/27 8:57:43 pm CET","5","Yes","The comedic timing and delivery of the comedy","Yes","It allows people to talk about difficult things but in a way that isn’t negative and is instead more relatable. ","25-34","Scouser","L35"
"2023/07/27 11:02:46 pm CET","9","Yes","Unique and clever","Yes","Laughter is the best medicine","25-34","Scouser","L4"
"2023/07/28 8:55:38 am CET","10","Yes","It’s a very dry sense of humour ","Yes","Makes light of the difficult experience ","55-64","Scouser","L21"
"2023/07/28 9:02:22 am CET","10","Yes","Use of certain words… historical figures etc","Yes","Laugh about death etc","35-44","Scouser","L15"
"2023/07/28 10:00:44 am CET","1","Yes","Scousers have a great sense of humour ","Yes","With difficult circumstances for some people a bit of humour can ease the problem ","55-64","Scouser","L13"
"2023/07/28 11:21:54 am CET","1","Yes","We like a good laugh ","Yes","Lightness the mood","45-54","Scouser","L31"
"2023/07/28 3:08:33 pm CET","14","Yes","Sarcasm & wit ","Yes","Keep your mental state happy ","65-74","Scouser","L18"